Reading plugin paths SV_PLUGIN_PATH environment variable...


[Mon Sep 21 12:30:03 2026 
2.128] Logfile: /home/sv/.local/share/SimVascular/SimVascularApplication_1346365552482340104/data/9/mitk-0.log
[2.131] OpenCASCADE module loaded.
sv4guiDataManagerPluginActivator::start()
sv4guiMeshingPluginActivator::start()
[2.448] BlueBerry Workbench ready
Expand
Expand
Expand
Expand
!32.716! WARNING: QPainter::end: Painter ended with 2 saved states
!32.716! WARNING: QPainter::end: Painter ended with 2 saved states
!32.716! WARNING: QPainter::end: Painter ended with 2 saved states
!33.692! WARNING: QPainter::end: Painter ended with 2 saved states
!33.692! WARNING: QPainter::end: Painter ended with 2 saved states
!33.692! WARNING: QPainter::end: Painter ended with 2 saved states
!33.750! WARNING: QPainter::end: Painter ended with 2 saved states
!33.750! WARNING: QPainter::end: Painter ended with 2 saved states
!33.750! WARNING: QPainter::end: Painter ended with 2 saved states
Getting sizing function Surface
Surface triangle quality (before surface remesh), aspect ratio (1.0 is an equilateral triangle):
  Number of triangles: 4218044
  Min / Avg / Max: 1.000 / 1.157 / 46.986
  Aspect ratio > 10: 1, > 30: 1, > 100: 0
  aspect ratio 46.986 at (4.27209, -25.5107, 74.2352), edges 0.122389 0.160426 0.282619
Remeshing surface with MMG...
  -- MMGS, Release 5.3.8 (Apr. 10, 2017) 
     Copyright (c) IMB-LJLL, 2004-
     Jul  6 2026 02:09:01

  -- MMGS: INPUT DATA
  --  INPUT DATA COMPLETED.     0.000s

  &&&&&&&&&&&&&&&&&&&&&&&&&&&&&&&&&&&&&&&&&&&&&&&&&&&&&&&&&&&&
   MODULE MMGS: IMB-LJLL : 5.3.8 (Apr. 10, 2017)
  &&&&&&&&&&&&&&&&&&&&&&&&&&&&&&&&&&&&&&&&&&&&&&&&&&&&&&&&&&&&

  -- PHASE 1 : ANALYSIS

  -- MESH QUALITY   4218044
     BEST   1.000000  AVRG.   0.980352  WRST.   0.042291 (2666216)
  -- PHASE 1 COMPLETED.     2.961s

  -- PHASE 2 : ISOTROPIC MESHING
         3479 splitted,  1857468 collapsed,    93845 swapped, 5 iter.

  -- GRADATION : 1.300000
          108 splitted,        4 collapsed,       52 swapped, 3 iter.
        32866 splitted,   106774 collapsed,    25987 swapped,  4129506 moved, 2 iter. 
  -- PHASE 2 COMPLETED.     12.531s

  &&&&&&&&&&&&&&&&&&&&&&&&&&&&&&&&&&&&&&&&&&&&&&&&&&&&&&&&&&&&
   END OF MODULE MMGS: IMB-LJLL 
  &&&&&&&&&&&&&&&&&&&&&&&&&&&&&&&&&&&&&&&&&&&&&&&&&&&&&&&&&&&&

  -- MESH QUALITY   359700
     BEST   1.000000  AVRG.   0.972476  WRST.   0.337035 (296378)

  -- MESH PACKED UP
     NUMBER OF VERTICES     179844   CORNERS       10
     NUMBER OF TRIANGLES    359700
     NUMBER OF EDGES          1658   RIDGES      1658

   MMGSLIB: ELAPSED TIME  15.557s
Surface triangle quality (after surface remesh), aspect ratio (1.0 is an equilateral triangle):
  Number of triangles: 356293
  Min / Avg / Max: 1.000 / 1.209 / 5.750
  Aspect ratio > 10: 0, > 30: 0, > 100: 0
Checking surface mesh
Regions: 1
Number of Free Edges on Surface: 481
Number of Non-Manifold Edges on Surface: 0
[GenerateBoundaryLayerMesh] 
[GenerateBoundaryLayerMesh] ========== cvTetGenMeshObject::GenerateBoundaryLayerMesh ==========
[GenerateBoundaryLayerMesh] markerListName: CellEntityIds
Surface triangle quality (fluid/wall interface surface), aspect ratio (1.0 is an equilateral triangle):
  Number of triangles: 356293
  Min / Avg / Max: 1.000 / 1.209 / 5.750
  Aspect ratio > 10: 0, > 30: 0, > 100: 0
[GenerateBoundaryLayerMesh] negateWarpVectors: 1
[GenerateBoundaryLayerMesh] useConstantThickness: 0
[GenerateBoundaryLayerMesh] boundarylayermesh_ has point normals.
Fluid boundary layer options in effect: MaxEdgeSize 0.1953, BLThicknessFactor 0.8, constant thickness 0 (total layer thickness 0.15624), NumSubLayers 3, SubLayerRatio 0.5
Concave curvature vs requested thickness (t/R, before any thickness reduction) [fluid boundary layer, inward]:
  concave points: 178318 of 178367; points with t/R >= 1 / 2 / 4: 0/0/0
  t/R > 1 means the extruded outer surface must self-intersect there whatever the extrusion does;
  points using a near-degenerate triangle (altitude < 0.05 of the longest edge): 0
  no point requests a thickness above its concave radius of curvature
0 tangle triangles found
Wall extrusion depression (warp tilt from outward normal): points tilted >15/30/45 deg: 0/0/0 of 178367
Wall mesh options in effect: WallThickness 0.5, CurvatureFactor 0, SmoothingIterations 0, NumberOfWallLayers 2
Concave curvature vs requested thickness (t/R, before any thickness reduction) [solid wall, outward]:
  concave points: 62400 of 178367; points with t/R >= 1 / 2 / 4: 98/2/0
  t/R > 1 means the extruded outer surface must self-intersect there whatever the extrusion does;
  points using a near-degenerate triangle (altitude < 0.05 of the longest edge): 0
  concave regions with t/R >= 1: 15 in total (separated by 8.012), worst 8 shown:
    [1] t/R 2.15 (t 0.385, R_typical 0.17934, R_smallest 0.073397) at (-9.1889, -34.576, 65.894), 6 points
    [2] t/R 2.09 (t 0.185, R_typical 0.08868, R_smallest 0.068799) at (-4.0021, -30.201, 71.469), 9 points
    [3] t/R 1.87 (t 0.615, R_typical 0.32901, R_smallest 0.16183) at (-38.138, -27.592, -95.672), 19 points
    [4] t/R 1.58 (t 0.14, R_typical 0.088713, R_smallest 0.057492) at (3.5949, -34.01, 74.193), 3 points
    [5] t/R 1.5 (t 0.615, R_typical 0.41068, R_smallest 0.2588) at (22.347, -43.004, -90.698), 13 points
    [6] t/R 1.48 (t 1.025, R_typical 0.69381, R_smallest 0.58796) at (12.01, -22.689, -172.04), 14 points
    [7] t/R 1.43 (t 0.34, R_typical 0.23826, R_smallest 0.14433) at (7.9922, -37.265, 66.262), 3 points
    [8] t/R 1.39 (t 0.825, R_typical 0.59485, R_smallest 0.37394) at (-31.535, -36.262, -149.84), 9 points
    ... 22 further points with t/R >= 1 in the remaining 7 regions
Thickness gradation limit (max change 0.5 per unit distance) [requested wall thickness]: lowered 756 of 178367 points; largest reduction 0.1952 at (8.4892, -36.323, 66.055) (0.5 -> 0.3048)
Wall thickness reduction (final vs requested): points below 90%/50%/25%: 432/0/0 of 178367
  thinned regions: 7 in total (separated by 8.012), worst 7 shown:
    [1] ratio 0.598 (final 0.21513 / requested 0.36) at (-17.344, -34.98, 77.22), 135 points
    [2] ratio 0.610 (final 0.3048 / requested 0.5) at (8.4892, -36.323, 66.055), 35 points
    [3] ratio 0.645 (final 0.17428 / requested 0.27) at (-4.5143, -30.355, 71.017), 56 points
    [4] ratio 0.646 (final 0.14851 / requested 0.23) at (15.983, -33.12, 77.042), 143 points
    [5] ratio 0.786 (final 0.66785 / requested 0.85) at (-38.59, -26.192, -95.756), 27 points
    [6] ratio 0.809 (final 0.4045 / requested 0.5) at (-9.065, -34.602, 65.923), 16 points
    [7] ratio 0.826 (final 0.70187 / requested 0.85) at (18.978, -46.621, -93.931), 20 points
  wrote wall_diagnostics.vtp in /work
Wall outer surface as the offset of the interface, contoured from the distance field:
  178367 interface points and 356293 triangles
  offset surface: the distance field: the interface, its collars and their search grid
  offset surface: the point cloud and the field on its outer layer
  offset surface: the Delaunay tetrahedralization of the cloud
  offset surface: marching tetrahedra over the cloud
  offset surface: the decimation of the contour to the interface's size
  wrote wall_outer_offset.vtp in /work
  thickness 0.1 to 1.2; 14 cap rims continued by collars of 962 triangles
  the field was sampled on 716354 points (the interface and its offsets at 0.5, 1.5 and 3 of the thickness, the last no nearer than 1.5 edges) in 5887413 tetrahedra, 1521231 of them cut by the zero level; 2.6 s for the field, 3.5 s for the tetrahedra
  the contour had 1159126 points and 2318292 triangles (4.4 s); 873890 edges collapsed onto the zero level to the interface's own size, leaving 285236 points and 570512 triangles (34.7 s); 3348617 field evaluations in all
  0 boundary edges before the trim at the caps (the domes over the collar ends come off with it), 0 edges on more than two triangles, 0 traversed the same way twice, 0 triangles passing through another; 46.9 s
  trimming at the caps by the ownership the offset surface carries
    cap at (-7.3439, -29.897, 73.208): 303 points belong to it, 133 of them past its plane
    cap at (6.8066, -35.178, 74.937): 304 points belong to it, 135 of them past its plane
    cap at (-2.6582, -58.683, 106.73): 421 points belong to it, 218 of them past its plane
    cap at (-60.326, 0.90499, -157.24): 452 points belong to it, 233 of them past its plane
    cap at (58.941, -36.73, -160.25): 433 points belong to it, 222 of them past its plane
    cap at (-35.523, -36.568, -54.893): 303 points belong to it, 144 of them past its plane
    cap at (0.40292, -54.43, 104.63): 414 points belong to it, 217 of them past its plane
    cap at (-13.411, 0.1561, 73.48): 645 points belong to it, 248 of them past its plane
    cap at (-33.548, -49.496, 72.021): 1059 points belong to it, 329 of them past its plane
    cap at (12.398, -0.64914, 64.315): 403 points belong to it, 192 of them past its plane
    cap at (39.306, 24.142, -258.77): 493 points belong to it, 297 of them past its plane
    cap at (26.521, -42.075, 71.189): 978 points belong to it, 331 of them past its plane
    cap at (22.996, -41.361, -58.33): 347 points belong to it, 164 of them past its plane
    cap at (-4.7392, -15.769, -232.29): 797 points belong to it, 474 of them past its plane
  trimmed the offset surface at 14 cap planes, leaving 283457 points and 565424 triangles
    cap at (-7.3439, -29.897, 73.208): inner rim 21 points, trimmed rim 70 points, cut within 0.72824 of the rim centre (radius 0.30538, wall 0.1)
    cap at (6.8066, -35.178, 74.937): inner rim 21 points, trimmed rim 70 points, cut within 0.72791 of the rim centre (radius 0.30669, wall 0.1)
    cap at (-2.6582, -58.683, 106.73): inner rim 26 points, trimmed rim 102 points, cut within 2.0599 of the rim centre (radius 1.2431, wall 0.1)
    cap at (-60.326, 0.90499, -157.24): inner rim 37 points, trimmed rim 95 points, cut within 7.3272 of the rim centre (radius 4.2906, wall 0.67)
    cap at (58.941, -36.73, -160.25): inner rim 35 points, trimmed rim 100 points, cut within 7.4358 of the rim centre (radius 4.3265, wall 0.67)
    cap at (-35.523, -36.568, -54.893): inner rim 21 points, trimmed rim 71 points, cut within 3.1584 of the rim centre (radius 1.4056, wall 0.38)
    cap at (0.40292, -54.43, 104.63): inner rim 28 points, trimmed rim 102 points, cut within 2.019 of the rim centre (radius 1.2287, wall 0.1)
    cap at (-13.411, 0.1561, 73.48): inner rim 38 points, trimmed rim 140 points, cut within 2.07 of the rim centre (radius 1.0499, wall 0.27)
    cap at (-33.548, -49.496, 72.021): inner rim 51 points, trimmed rim 167 points, cut within 2.7642 of the rim centre (radius 1.5069, wall 0.36)
    cap at (12.398, -0.64914, 64.315): inner rim 26 points, trimmed rim 90 points, cut within 2.1899 of the rim centre (radius 1.0453, wall 0.27)
    cap at (39.306, 24.142, -258.77): inner rim 40 points, trimmed rim 114 points, cut within 17.922 of the rim centre (radius 11.527, wall 1.2)
    cap at (26.521, -42.075, 71.189): inner rim 47 points, trimmed rim 179 points, cut within 2.5915 of the rim centre (radius 1.3523, wall 0.36)
    cap at (22.996, -41.361, -58.33): inner rim 23 points, trimmed rim 79 points, cut within 3.2932 of the rim centre (radius 1.5338, wall 0.38)
    cap at (-4.7392, -15.769, -232.29): inner rim 67 points, trimmed rim 179 points, cut within 26.297 of the rim centre (radius 19.858, wall 1.2)
Surface triangle quality (outer wall offset), aspect ratio (1.0 is an equilateral triangle):
  Number of triangles: 565424
  Min / Avg / Max: 1.000 / 1176.887 / 181749847.608
  Aspect ratio > 10: 1712, > 30: 1511, > 100: 1347
  aspect ratio 181749847.608 at (-22.9904, -16.6985, -234.87), edges 1.88125 1.88125 1.12636e-08
  aspect ratio 57165192.878 at (21.4347, -42.0342, -57.414), edges 6.84311e-09 0.437469 0.437469
  aspect ratio 53472927.887 at (21.4644, -41.9672, -57.3496), edges 1.08355e-08 0.378961 0.378961
  aspect ratio 19003973.024 at (11.3725, -23.5337, -233.377), edges 2.27707 2.27707 1.25664e-07
  aspect ratio 15164261.863 at (11.5485, -23.1437, -233.854), edges 0.045583 1.62198 1.66757
Offset wall thickness [solid wall, offset]:
  offset surface to inner surface, over 283457 of its points: below 90%/50%/25% of the requested thickness at 3/0/0, worst 0.784
    this is the construction, not the shape: every outer point was put a wall from the interface, so a shortfall is the construction giving it back - a vertex normal leaning against its facets reads a percent or two short, and a point left inside a fold reads far shorter
    regions below 90%: 2 in total (separated by 8.028), worst 2 shown:
      [1] ratio 0.784 at (-2.2602, -38.956, 80.808), 2 points
      [2] ratio 0.871 at (-2.5026, -58.365, 107.88), 1 points
  inner surface to offset surface, over 178367 of its points: below 90%/50%/25% at 272/0/0, worst 0.848, thickest 3.61x requested
    this is the wall over the interface. Above one at a junction is the crease filling it, which is intended; below one is wall that is missing
    114 points carry more than twice the wall asked for, in 11 regions (separated by 8.012), thickest 8 shown:
      [1] ratio 3.61 (requested 0.38) at (-38.066, -28.222, -95.5), 27 points
      [2] ratio 2.98 (requested 0.1) at (-4.1267, -30.156, 71.587), 13 points
      [3] ratio 2.96 (requested 0.27) at (-9.207, -34.888, 65.719), 18 points
      [4] ratio 2.83 (requested 0.1) at (-2.1686, -48.266, 95.698), 11 points
      [5] ratio 2.77 (requested 0.825) at (-31.535, -36.262, -149.84), 11 points
      [6] ratio 2.74 (requested 0.18) at (7.8481, -37.249, 66.169), 6 points
      [7] ratio 2.70 (requested 0.3) at (5.2601, -21.182, 21.467), 1 points
      [8] ratio 2.50 (requested 0.38) at (23.068, -43.223, -90.892), 9 points
      ... 18 further points in the remaining 3 regions
      a region at a branch crotch is the crease and is expected; a region on the plain side of a vessel means the wall has reached another vessel passing close by, and the local wall thickness on those faces has to come below half the gap
    regions below 90%: 58 in total (separated by 8.012), worst 8 shown:
      [1] ratio 0.848 (requested 0.3) at (10.288, -4.5144, -1.0179), 4 points
      [2] ratio 0.853 (requested 0.1) at (-4.5757, -46.256, 83.237), 18 points
      [3] ratio 0.856 (requested 0.1) at (-2.8831, -46.071, 95.889), 31 points
      [4] ratio 0.856 (requested 0.1) at (-2.7687, -58.382, 107.81), 14 points
      [5] ratio 0.857 (requested 0.3) at (-10.752, -3.7204, -11.968), 8 points
      [6] ratio 0.857 (requested 0.1) at (0.75579, -40.252, 81.297), 10 points
      [7] ratio 0.860 (requested 0.3) at (7.6701, -8.2329, -16.778), 10 points
      [8] ratio 0.860 (requested 0.3) at (-22.828, -10.77, -99.673), 4 points
      ... 173 further points in the remaining 50 regions
  wrote wall_offset_diagnostics.vtp in /work
Filling the wall with TetGen tetrahedra: shell surface has 461824 points and 923756 triangles closing 14 vessel ends
  TetGen wall fill started...
Delaunizing vertices...
Warning:  Point 298425 is replaced by point 298799.
  Avoid creating a very short edge (len = 0) (< 4.01382e-06).
  You may try a smaller tolerance (-T) (current is 1e-08)
  or use the option -M0/1 to avoid such replacement.
Warning:  Point 211895 is replaced by point 211894.
  Avoid creating a very short edge (len = 0) (< 4.01382e-06).
  You may try a smaller tolerance (-T) (current is 1e-08)
  or use the option -M0/1 to avoid such replacement.
Warning:  Point 320198 is replaced by point 214058.
  Avoid creating a very short edge (len = 0) (< 4.01382e-06).
  You may try a smaller tolerance (-T) (current is 1e-08)
  or use the option -M0/1 to avoid such replacement.
Warning:  Point 323909 is replaced by point 323908.
  Avoid creating a very short edge (len = 0) (< 4.01382e-06).
  You may try a smaller tolerance (-T) (current is 1e-08)
  or use the option -M0/1 to avoid such replacement.
Warning:  Point 327389 is replaced by point 327373.
  Avoid creating a very short edge (len = 0) (< 4.01382e-06).
  You may try a smaller tolerance (-T) (current is 1e-08)
  or use the option -M0/1 to avoid such replacement.
Warning:  Point 349906 is replaced by point 349907.
  Avoid creating a very short edge (len = 0) (< 4.01382e-06).
  You may try a smaller tolerance (-T) (current is 1e-08)
  or use the option -M0/1 to avoid such replacement.
Warning:  Point 225172 is replaced by point 226883.
  Avoid creating a very short edge (len = 0) (< 4.01382e-06).
  You may try a smaller tolerance (-T) (current is 1e-08)
  or use the option -M0/1 to avoid such replacement.
Warning:  Point 270739 is replaced by point 270738.
  Avoid creating a very short edge (len = 0) (< 4.01382e-06).
  You may try a smaller tolerance (-T) (current is 1e-08)
  or use the option -M0/1 to avoid such replacement.
Warning:  Point 392463 is replaced by point 392462.
  Avoid creating a very short edge (len = 0) (< 4.01382e-06).
  You may try a smaller tolerance (-T) (current is 1e-08)
  or use the option -M0/1 to avoid such replacement.
Warning:  Point 272353 is replaced by point 272354.
  Avoid creating a very short edge (len = 0) (< 4.01382e-06).
  You may try a smaller tolerance (-T) (current is 1e-08)
  or use the option -M0/1 to avoid such replacement.
Warning:  Point 428011 is replaced by point 428006.
  Avoid creating a very short edge (len = 0) (< 4.01382e-06).
  You may try a smaller tolerance (-T) (current is 1e-08)
  or use the option -M0/1 to avoid such replacement.
Warning:  Point 181074 is replaced by point 181077.
  Avoid creating a very short edge (len = 0) (< 4.01382e-06).
  You may try a smaller tolerance (-T) (current is 1e-08)
  or use the option -M0/1 to avoid such replacement.
Warning:  Point 298403 is replaced by point 181077.
  Avoid creating a very short edge (len = 0) (< 4.01382e-06).
  You may try a smaller tolerance (-T) (current is 1e-08)
  or use the option -M0/1 to avoid such replacement.
Warning:  Point 181073 is replaced by point 298413.
  Avoid creating a very short edge (len = 0) (< 4.01382e-06).
  You may try a smaller tolerance (-T) (current is 1e-08)
  or use the option -M0/1 to avoid such replacement.
Warning:  Point 181076 is replaced by point 298413.
  Avoid creating a very short edge (len = 0) (< 4.01382e-06).
  You may try a smaller tolerance (-T) (current is 1e-08)
  or use the option -M0/1 to avoid such replacement.
Warning:  Point 297644 is replaced by point 298413.
  Avoid creating a very short edge (len = 0) (< 4.01382e-06).
  You may try a smaller tolerance (-T) (current is 1e-08)
  or use the option -M0/1 to avoid such replacement.
Warning:  Point 298437 is replaced by point 298435.
  Avoid creating a very short edge (len = 0) (< 4.01382e-06).
  You may try a smaller tolerance (-T) (current is 1e-08)
  or use the option -M0/1 to avoid such replacement.
Warning:  Point 297653 is replaced by point 298434.
  Avoid creating a very short edge (len = 0) (< 4.01382e-06).
  You may try a smaller tolerance (-T) (current is 1e-08)
  or use the option -M0/1 to avoid such replacement.
Warning:  Point 297654 is replaced by point 298435.
  Avoid creating a very short edge (len = 0) (< 4.01382e-06).
  You may try a smaller tolerance (-T) (current is 1e-08)
  or use the option -M0/1 to avoid such replacement.
Warning:  Point 298438 is replaced by point 298465.
  Avoid creating a very short edge (len = 0) (< 4.01382e-06).
  You may try a smaller tolerance (-T) (current is 1e-08)
  or use the option -M0/1 to avoid such replacement.
Warning:  Point 198874 is replaced by point 298795.
  Avoid creating a very short edge (len = 0) (< 4.01382e-06).
  You may try a smaller tolerance (-T) (current is 1e-08)
  or use the option -M0/1 to avoid such replacement.
Warning:  Point 298510 is replaced by point 298513.
  Avoid creating a very short edge (len = 0) (< 4.01382e-06).
  You may try a smaller tolerance (-T) (current is 1e-08)
  or use the option -M0/1 to avoid such replacement.
Warning:  Point 298800 is replaced by point 298513.
  Avoid creating a very short edge (len = 0) (< 4.01382e-06).
  You may try a smaller tolerance (-T) (current is 1e-08)
  or use the option -M0/1 to avoid such replacement.
Warning:  Point 298798 is replaced by point 298799.
  Avoid creating a very short edge (len = 0) (< 4.01382e-06).
  You may try a smaller tolerance (-T) (current is 1e-08)
  or use the option -M0/1 to avoid such replacement.
Warning:  Point 198876 is replaced by point 198873.
  Avoid creating a very short edge (len = 0) (< 4.01382e-06).
  You may try a smaller tolerance (-T) (current is 1e-08)
  or use the option -M0/1 to avoid such replacement.
Warning:  Point 311003 is replaced by point 298732.
  Avoid creating a very short edge (len = 0) (< 4.01382e-06).
  You may try a smaller tolerance (-T) (current is 1e-08)
  or use the option -M0/1 to avoid such replacement.
Warning:  Point 311009 is replaced by point 311008.
  Avoid creating a very short edge (len = 0) (< 4.01382e-06).
  You may try a smaller tolerance (-T) (current is 1e-08)
  or use the option -M0/1 to avoid such replacement.
Warning:  Point 311263 is replaced by point 311262.
  Avoid creating a very short edge (len = 0) (< 4.01382e-06).
  You may try a smaller tolerance (-T) (current is 1e-08)
  or use the option -M0/1 to avoid such replacement.
Warning:  Point 311269 is replaced by point 311268.
  Avoid creating a very short edge (len = 0) (< 4.01382e-06).
  You may try a smaller tolerance (-T) (current is 1e-08)
  or use the option -M0/1 to avoid such replacement.
Warning:  Point 311016 is replaced by point 311018.
  Avoid creating a very short edge (len = 0) (< 4.01382e-06).
  You may try a smaller tolerance (-T) (current is 1e-08)
  or use the option -M0/1 to avoid such replacement.
Warning:  Point 182648 is replaced by point 311272.
  Avoid creating a very short edge (len = 0) (< 4.01382e-06).
  You may try a smaller tolerance (-T) (current is 1e-08)
  or use the option -M0/1 to avoid such replacement.
Warning:  Point 202903 is replaced by point 198786.
  Avoid creating a very short edge (len = 0) (< 4.01382e-06).
  You may try a smaller tolerance (-T) (current is 1e-08)
  or use the option -M0/1 to avoid such replacement.
Warning:  Point 198785 is replaced by point 198786.
  Avoid creating a very short edge (len = 0) (< 4.01382e-06).
  You may try a smaller tolerance (-T) (current is 1e-08)
  or use the option -M0/1 to avoid such replacement.
Warning:  Point 208800 is replaced by point 208797.
  Avoid creating a very short edge (len = 0) (< 4.01382e-06).
  You may try a smaller tolerance (-T) (current is 1e-08)
  or use the option -M0/1 to avoid such replacement.
Warning:  Point 306002 is replaced by point 208797.
  Avoid creating a very short edge (len = 0) (< 4.01382e-06).
  You may try a smaller tolerance (-T) (current is 1e-08)
  or use the option -M0/1 to avoid such replacement.
Warning:  Point 309194 is replaced by point 309288.
  Avoid creating a very short edge (len = 0) (< 4.01382e-06).
  You may try a smaller tolerance (-T) (current is 1e-08)
  or use the option -M0/1 to avoid such replacement.
Warning:  Point 198777 is replaced by point 198778.
  Avoid creating a very short edge (len = 0) (< 4.01382e-06).
  You may try a smaller tolerance (-T) (current is 1e-08)
  or use the option -M0/1 to avoid such replacement.
Warning:  Point 315314 is replaced by point 314977.
  Avoid creating a very short edge (len = 0) (< 4.01382e-06).
  You may try a smaller tolerance (-T) (current is 1e-08)
  or use the option -M0/1 to avoid such replacement.
Warning:  Point 315474 is replaced by point 314977.
  Avoid creating a very short edge (len = 0) (< 4.01382e-06).
  You may try a smaller tolerance (-T) (current is 1e-08)
  or use the option -M0/1 to avoid such replacement.
Warning:  Point 315473 is replaced by point 314977.
  Avoid creating a very short edge (len = 0) (< 4.01382e-06).
  You may try a smaller tolerance (-T) (current is 1e-08)
  or use the option -M0/1 to avoid such replacement.
Warning:  Point 315320 is replaced by point 315321.
  Avoid creating a very short edge (len = 0) (< 4.01382e-06).
  You may try a smaller tolerance (-T) (current is 1e-08)
  or use the option -M0/1 to avoid such replacement.
Warning:  Point 315495 is replaced by point 315496.
  Avoid creating a very short edge (len = 0) (< 4.01382e-06).
  You may try a smaller tolerance (-T) (current is 1e-08)
  or use the option -M0/1 to avoid such replacement.
Warning:  Point 208850 is replaced by point 208864.
  Avoid creating a very short edge (len = 0) (< 4.01382e-06).
  You may try a smaller tolerance (-T) (current is 1e-08)
  or use the option -M0/1 to avoid such replacement.
Warning:  Point 202977 is replaced by point 208864.
  Avoid creating a very short edge (len = 0) (< 4.01382e-06).
  You may try a smaller tolerance (-T) (current is 1e-08)
  or use the option -M0/1 to avoid such replacement.
Warning:  Point 208851 is replaced by point 208852.
  Avoid creating a very short edge (len = 0) (< 4.01382e-06).
  You may try a smaller tolerance (-T) (current is 1e-08)
  or use the option -M0/1 to avoid such replacement.
Warning:  Point 315524 is replaced by point 315560.
  Avoid creating a very short edge (len = 0) (< 4.01382e-06).
  You may try a smaller tolerance (-T) (current is 1e-08)
  or use the option -M0/1 to avoid such replacement.
Warning:  Point 315557 is replaced by point 315556.
  Avoid creating a very short edge (len = 0) (< 4.01382e-06).
  You may try a smaller tolerance (-T) (current is 1e-08)
  or use the option -M0/1 to avoid such replacement.
Warning:  Point 315498 is replaced by point 315532.
  Avoid creating a very short edge (len = 0) (< 4.01382e-06).
  You may try a smaller tolerance (-T) (current is 1e-08)
  or use the option -M0/1 to avoid such replacement.
Warning:  Point 315497 is replaced by point 315532.
  Avoid creating a very short edge (len = 0) (< 4.01382e-06).
  You may try a smaller tolerance (-T) (current is 1e-08)
  or use the option -M0/1 to avoid such replacement.
Warning:  Point 315489 is replaced by point 315487.
  Avoid creating a very short edge (len = 0) (< 4.01382e-06).
  You may try a smaller tolerance (-T) (current is 1e-08)
  or use the option -M0/1 to avoid such replacement.
Warning:  Point 181766 is replaced by point 181769.
  Avoid creating a very short edge (len = 0) (< 4.01382e-06).
  You may try a smaller tolerance (-T) (current is 1e-08)
  or use the option -M0/1 to avoid such replacement.
Warning:  Point 208886 is replaced by point 314974.
  Avoid creating a very short edge (len = 0) (< 4.01382e-06).
  You may try a smaller tolerance (-T) (current is 1e-08)
  or use the option -M0/1 to avoid such replacement.
Warning:  Point 320132 is replaced by point 320133.
  Avoid creating a very short edge (len = 0) (< 4.01382e-06).
  You may try a smaller tolerance (-T) (current is 1e-08)
  or use the option -M0/1 to avoid such replacement.
Warning:  Point 211588 is replaced by point 211586.
  Avoid creating a very short edge (len = 0) (< 4.01382e-06).
  You may try a smaller tolerance (-T) (current is 1e-08)
  or use the option -M0/1 to avoid such replacement.
Warning:  Point 211589 is replaced by point 211586.
  Avoid creating a very short edge (len = 0) (< 4.01382e-06).
  You may try a smaller tolerance (-T) (current is 1e-08)
  or use the option -M0/1 to avoid such replacement.
Warning:  Point 320154 is replaced by point 320821.
  Avoid creating a very short edge (len = 0) (< 4.01382e-06).
  You may try a smaller tolerance (-T) (current is 1e-08)
  or use the option -M0/1 to avoid such replacement.
Warning:  Point 238255 is replaced by point 249547.
  Avoid creating a very short edge (len = 0) (< 4.01382e-06).
  You may try a smaller tolerance (-T) (current is 1e-08)
  or use the option -M0/1 to avoid such replacement.
Warning:  Point 211893 is replaced by point 320163.
  Avoid creating a very short edge (len = 0) (< 4.01382e-06).
  You may try a smaller tolerance (-T) (current is 1e-08)
  or use the option -M0/1 to avoid such replacement.
Warning:  Point 320157 is replaced by point 249546.
  Avoid creating a very short edge (len = 0) (< 4.01382e-06).
  You may try a smaller tolerance (-T) (current is 1e-08)
  or use the option -M0/1 to avoid such replacement.
Warning:  Point 211517 is replaced by point 211519.
  Avoid creating a very short edge (len = 0) (< 4.01382e-06).
  You may try a smaller tolerance (-T) (current is 1e-08)
  or use the option -M0/1 to avoid such replacement.
Warning:  Point 320123 is replaced by point 320120.
  Avoid creating a very short edge (len = 0) (< 4.01382e-06).
  You may try a smaller tolerance (-T) (current is 1e-08)
  or use the option -M0/1 to avoid such replacement.
Warning:  Point 183090 is replaced by point 183091.
  Avoid creating a very short edge (len = 0) (< 4.01382e-06).
  You may try a smaller tolerance (-T) (current is 1e-08)
  or use the option -M0/1 to avoid such replacement.
Warning:  Point 320127 is replaced by point 320126.
  Avoid creating a very short edge (len = 0) (< 4.01382e-06).
  You may try a smaller tolerance (-T) (current is 1e-08)
  or use the option -M0/1 to avoid such replacement.
Warning:  Point 320142 is replaced by point 320126.
  Avoid creating a very short edge (len = 0) (< 4.01382e-06).
  You may try a smaller tolerance (-T) (current is 1e-08)
  or use the option -M0/1 to avoid such replacement.
Warning:  Point 320117 is replaced by point 183091.
  Avoid creating a very short edge (len = 0) (< 4.01382e-06).
  You may try a smaller tolerance (-T) (current is 1e-08)
  or use the option -M0/1 to avoid such replacement.
Warning:  Point 320124 is replaced by point 238035.
  Avoid creating a very short edge (len = 0) (< 4.01382e-06).
  You may try a smaller tolerance (-T) (current is 1e-08)
  or use the option -M0/1 to avoid such replacement.
Warning:  Point 319958 is replaced by point 211649.
  Avoid creating a very short edge (len = 0) (< 4.01382e-06).
  You may try a smaller tolerance (-T) (current is 1e-08)
  or use the option -M0/1 to avoid such replacement.
Warning:  Point 211652 is replaced by point 211649.
  Avoid creating a very short edge (len = 0) (< 4.01382e-06).
  You may try a smaller tolerance (-T) (current is 1e-08)
  or use the option -M0/1 to avoid such replacement.
Warning:  Point 320013 is replaced by point 320012.
  Avoid creating a very short edge (len = 0) (< 4.01382e-06).
  You may try a smaller tolerance (-T) (current is 1e-08)
  or use the option -M0/1 to avoid such replacement.
Warning:  Point 320125 is replaced by point 320128.
  Avoid creating a very short edge (len = 0) (< 4.01382e-06).
  You may try a smaller tolerance (-T) (current is 1e-08)
  or use the option -M0/1 to avoid such replacement.
Warning:  Point 319945 is replaced by point 320128.
  Avoid creating a very short edge (len = 0) (< 4.01382e-06).
  You may try a smaller tolerance (-T) (current is 1e-08)
  or use the option -M0/1 to avoid such replacement.
Warning:  Point 319988 is replaced by point 319987.
  Avoid creating a very short edge (len = 0) (< 4.01382e-06).
  You may try a smaller tolerance (-T) (current is 1e-08)
  or use the option -M0/1 to avoid such replacement.
Warning:  Point 319994 is replaced by point 211472.
  Avoid creating a very short edge (len = 0) (< 4.01382e-06).
  You may try a smaller tolerance (-T) (current is 1e-08)
  or use the option -M0/1 to avoid such replacement.
Warning:  Point 319959 is replaced by point 211472.
  Avoid creating a very short edge (len = 0) (< 4.01382e-06).
  You may try a smaller tolerance (-T) (current is 1e-08)
  or use the option -M0/1 to avoid such replacement.
Warning:  Point 319995 is replaced by point 319996.
  Avoid creating a very short edge (len = 0) (< 4.01382e-06).
  You may try a smaller tolerance (-T) (current is 1e-08)
  or use the option -M0/1 to avoid such replacement.
Warning:  Point 211474 is replaced by point 319993.
  Avoid creating a very short edge (len = 0) (< 4.01382e-06).
  You may try a smaller tolerance (-T) (current is 1e-08)
  or use the option -M0/1 to avoid such replacement.
Warning:  Point 211506 is replaced by point 319996.
  Avoid creating a very short edge (len = 0) (< 4.01382e-06).
  You may try a smaller tolerance (-T) (current is 1e-08)
  or use the option -M0/1 to avoid such replacement.
Warning:  Point 208309 is replaced by point 320028.
  Avoid creating a very short edge (len = 0) (< 4.01382e-06).
  You may try a smaller tolerance (-T) (current is 1e-08)
  or use the option -M0/1 to avoid such replacement.
Warning:  Point 208311 is replaced by point 320028.
  Avoid creating a very short edge (len = 0) (< 4.01382e-06).
  You may try a smaller tolerance (-T) (current is 1e-08)
  or use the option -M0/1 to avoid such replacement.
Warning:  Point 320006 is replaced by point 320008.
  Avoid creating a very short edge (len = 0) (< 4.01382e-06).
  You may try a smaller tolerance (-T) (current is 1e-08)
  or use the option -M0/1 to avoid such replacement.
Warning:  Point 320202 is replaced by point 320184.
  Avoid creating a very short edge (len = 0) (< 4.01382e-06).
  You may try a smaller tolerance (-T) (current is 1e-08)
  or use the option -M0/1 to avoid such replacement.
Warning:  Point 320203 is replaced by point 320204.
  Avoid creating a very short edge (len = 0) (< 4.01382e-06).
  You may try a smaller tolerance (-T) (current is 1e-08)
  or use the option -M0/1 to avoid such replacement.
Warning:  Point 320243 is replaced by point 212514.
  Avoid creating a very short edge (len = 0) (< 4.01382e-06).
  You may try a smaller tolerance (-T) (current is 1e-08)
  or use the option -M0/1 to avoid such replacement.
Warning:  Point 320199 is replaced by point 214056.
  Avoid creating a very short edge (len = 0) (< 4.01382e-06).
  You may try a smaller tolerance (-T) (current is 1e-08)
  or use the option -M0/1 to avoid such replacement.
Warning:  Point 320172 is replaced by point 320239.
  Avoid creating a very short edge (len = 0) (< 4.01382e-06).
  You may try a smaller tolerance (-T) (current is 1e-08)
  or use the option -M0/1 to avoid such replacement.
Warning:  Point 212513 is replaced by point 320239.
  Avoid creating a very short edge (len = 0) (< 4.01382e-06).
  You may try a smaller tolerance (-T) (current is 1e-08)
  or use the option -M0/1 to avoid such replacement.
Warning:  Point 320084 is replaced by point 320228.
  Avoid creating a very short edge (len = 0) (< 4.01382e-06).
  You may try a smaller tolerance (-T) (current is 1e-08)
  or use the option -M0/1 to avoid such replacement.
Warning:  Point 320087 is replaced by point 320083.
  Avoid creating a very short edge (len = 0) (< 4.01382e-06).
  You may try a smaller tolerance (-T) (current is 1e-08)
  or use the option -M0/1 to avoid such replacement.
Warning:  Point 211553 is replaced by point 211552.
  Avoid creating a very short edge (len = 0) (< 4.01382e-06).
  You may try a smaller tolerance (-T) (current is 1e-08)
  or use the option -M0/1 to avoid such replacement.
Warning:  Point 320088 is replaced by point 211552.
  Avoid creating a very short edge (len = 0) (< 4.01382e-06).
  You may try a smaller tolerance (-T) (current is 1e-08)
  or use the option -M0/1 to avoid such replacement.
Warning:  Point 211636 is replaced by point 320222.
  Avoid creating a very short edge (len = 0) (< 4.01382e-06).
  You may try a smaller tolerance (-T) (current is 1e-08)
  or use the option -M0/1 to avoid such replacement.
Warning:  Point 320221 is replaced by point 320222.
  Avoid creating a very short edge (len = 0) (< 4.01382e-06).
  You may try a smaller tolerance (-T) (current is 1e-08)
  or use the option -M0/1 to avoid such replacement.
Warning:  Point 211554 is replaced by point 211551.
  Avoid creating a very short edge (len = 0) (< 4.01382e-06).
  You may try a smaller tolerance (-T) (current is 1e-08)
  or use the option -M0/1 to avoid such replacement.
Warning:  Point 320076 is replaced by point 212529.
  Avoid creating a very short edge (len = 0) (< 4.01382e-06).
  You may try a smaller tolerance (-T) (current is 1e-08)
  or use the option -M0/1 to avoid such replacement.
Warning:  Point 212528 is replaced by point 212529.
  Avoid creating a very short edge (len = 0) (< 4.01382e-06).
  You may try a smaller tolerance (-T) (current is 1e-08)
  or use the option -M0/1 to avoid such replacement.
Warning:  Point 320068 is replaced by point 211479.
  Avoid creating a very short edge (len = 0) (< 4.01382e-06).
  You may try a smaller tolerance (-T) (current is 1e-08)
  or use the option -M0/1 to avoid such replacement.
Warning:  Point 211481 is replaced by point 320036.
  Avoid creating a very short edge (len = 0) (< 4.01382e-06).
  You may try a smaller tolerance (-T) (current is 1e-08)
  or use the option -M0/1 to avoid such replacement.
Warning:  Point 320092 is replaced by point 320036.
  Avoid creating a very short edge (len = 0) (< 4.01382e-06).
  You may try a smaller tolerance (-T) (current is 1e-08)
  or use the option -M0/1 to avoid such replacement.
Warning:  Point 320106 is replaced by point 320074.
  Avoid creating a very short edge (len = 0) (< 4.01382e-06).
  You may try a smaller tolerance (-T) (current is 1e-08)
  or use the option -M0/1 to avoid such replacement.
Warning:  Point 320112 is replaced by point 320075.
  Avoid creating a very short edge (len = 0) (< 4.01382e-06).
  You may try a smaller tolerance (-T) (current is 1e-08)
  or use the option -M0/1 to avoid such replacement.
Warning:  Point 320107 is replaced by point 320075.
  Avoid creating a very short edge (len = 0) (< 4.01382e-06).
  You may try a smaller tolerance (-T) (current is 1e-08)
  or use the option -M0/1 to avoid such replacement.
Warning:  Point 320037 is replaced by point 320038.
  Avoid creating a very short edge (len = 0) (< 4.01382e-06).
  You may try a smaller tolerance (-T) (current is 1e-08)
  or use the option -M0/1 to avoid such replacement.
Warning:  Point 320072 is replaced by point 320038.
  Avoid creating a very short edge (len = 0) (< 4.01382e-06).
  You may try a smaller tolerance (-T) (current is 1e-08)
  or use the option -M0/1 to avoid such replacement.
Warning:  Point 211440 is replaced by point 211442.
  Avoid creating a very short edge (len = 0) (< 4.01382e-06).
  You may try a smaller tolerance (-T) (current is 1e-08)
  or use the option -M0/1 to avoid such replacement.
Warning:  Point 320048 is replaced by point 320115.
  Avoid creating a very short edge (len = 0) (< 4.01382e-06).
  You may try a smaller tolerance (-T) (current is 1e-08)
  or use the option -M0/1 to avoid such replacement.
Warning:  Point 320035 is replaced by point 320111.
  Avoid creating a very short edge (len = 0) (< 4.01382e-06).
  You may try a smaller tolerance (-T) (current is 1e-08)
  or use the option -M0/1 to avoid such replacement.
Warning:  Point 320109 is replaced by point 320108.
  Avoid creating a very short edge (len = 0) (< 4.01382e-06).
  You may try a smaller tolerance (-T) (current is 1e-08)
  or use the option -M0/1 to avoid such replacement.
Warning:  Point 320192 is replaced by point 320185.
  Avoid creating a very short edge (len = 0) (< 4.01382e-06).
  You may try a smaller tolerance (-T) (current is 1e-08)
  or use the option -M0/1 to avoid such replacement.
Warning:  Point 320191 is replaced by point 320185.
  Avoid creating a very short edge (len = 0) (< 4.01382e-06).
  You may try a smaller tolerance (-T) (current is 1e-08)
  or use the option -M0/1 to avoid such replacement.
Warning:  Point 320194 is replaced by point 320200.
  Avoid creating a very short edge (len = 0) (< 4.01382e-06).
  You may try a smaller tolerance (-T) (current is 1e-08)
  or use the option -M0/1 to avoid such replacement.
Warning:  Point 320818 is replaced by point 183020.
  Avoid creating a very short edge (len = 0) (< 4.01382e-06).
  You may try a smaller tolerance (-T) (current is 1e-08)
  or use the option -M0/1 to avoid such replacement.
Warning:  Point 320817 is replaced by point 183020.
  Avoid creating a very short edge (len = 0) (< 4.01382e-06).
  You may try a smaller tolerance (-T) (current is 1e-08)
  or use the option -M0/1 to avoid such replacement.
Warning:  Point 320812 is replaced by point 320816.
  Avoid creating a very short edge (len = 0) (< 4.01382e-06).
  You may try a smaller tolerance (-T) (current is 1e-08)
  or use the option -M0/1 to avoid such replacement.
Warning:  Point 320810 is replaced by point 320816.
  Avoid creating a very short edge (len = 0) (< 4.01382e-06).
  You may try a smaller tolerance (-T) (current is 1e-08)
  or use the option -M0/1 to avoid such replacement.
Warning:  Point 320808 is replaced by point 320809.
  Avoid creating a very short edge (len = 0) (< 4.01382e-06).
  You may try a smaller tolerance (-T) (current is 1e-08)
  or use the option -M0/1 to avoid such replacement.
Warning:  Point 320143 is replaced by point 320145.
  Avoid creating a very short edge (len = 0) (< 4.01382e-06).
  You may try a smaller tolerance (-T) (current is 1e-08)
  or use the option -M0/1 to avoid such replacement.
Warning:  Point 320144 is replaced by point 320145.
  Avoid creating a very short edge (len = 0) (< 4.01382e-06).
  You may try a smaller tolerance (-T) (current is 1e-08)
  or use the option -M0/1 to avoid such replacement.
Warning:  Point 186009 is replaced by point 229419.
  Avoid creating a very short edge (len = 0) (< 4.01382e-06).
  You may try a smaller tolerance (-T) (current is 1e-08)
  or use the option -M0/1 to avoid such replacement.
Warning:  Point 186010 is replaced by point 229419.
  Avoid creating a very short edge (len = 0) (< 4.01382e-06).
  You may try a smaller tolerance (-T) (current is 1e-08)
  or use the option -M0/1 to avoid such replacement.
Warning:  Point 229418 is replaced by point 229417.
  Avoid creating a very short edge (len = 0) (< 4.01382e-06).
  You may try a smaller tolerance (-T) (current is 1e-08)
  or use the option -M0/1 to avoid such replacement.
Warning:  Point 326357 is replaced by point 231158.
  Avoid creating a very short edge (len = 0) (< 4.01382e-06).
  You may try a smaller tolerance (-T) (current is 1e-08)
  or use the option -M0/1 to avoid such replacement.
Warning:  Point 229424 is replaced by point 229423.
  Avoid creating a very short edge (len = 0) (< 4.01382e-06).
  You may try a smaller tolerance (-T) (current is 1e-08)
  or use the option -M0/1 to avoid such replacement.
Warning:  Point 326331 is replaced by point 326327.
  Avoid creating a very short edge (len = 0) (< 4.01382e-06).
  You may try a smaller tolerance (-T) (current is 1e-08)
  or use the option -M0/1 to avoid such replacement.
Warning:  Point 326304 is replaced by point 326330.
  Avoid creating a very short edge (len = 0) (< 4.01382e-06).
  You may try a smaller tolerance (-T) (current is 1e-08)
  or use the option -M0/1 to avoid such replacement.
Warning:  Point 326328 is replaced by point 326306.
  Avoid creating a very short edge (len = 0) (< 4.01382e-06).
  You may try a smaller tolerance (-T) (current is 1e-08)
  or use the option -M0/1 to avoid such replacement.
Warning:  Point 326303 is replaced by point 326306.
  Avoid creating a very short edge (len = 0) (< 4.01382e-06).
  You may try a smaller tolerance (-T) (current is 1e-08)
  or use the option -M0/1 to avoid such replacement.
Warning:  Point 326297 is replaced by point 214902.
  Avoid creating a very short edge (len = 0) (< 4.01382e-06).
  You may try a smaller tolerance (-T) (current is 1e-08)
  or use the option -M0/1 to avoid such replacement.
Warning:  Point 323686 is replaced by point 323906.
  Avoid creating a very short edge (len = 0) (< 4.01382e-06).
  You may try a smaller tolerance (-T) (current is 1e-08)
  or use the option -M0/1 to avoid such replacement.
Warning:  Point 325864 is replaced by point 322323.
  Avoid creating a very short edge (len = 0) (< 4.01382e-06).
  You may try a smaller tolerance (-T) (current is 1e-08)
  or use the option -M0/1 to avoid such replacement.
Warning:  Point 227932 is replaced by point 227931.
  Avoid creating a very short edge (len = 0) (< 4.01382e-06).
  You may try a smaller tolerance (-T) (current is 1e-08)
  or use the option -M0/1 to avoid such replacement.
Warning:  Point 227933 is replaced by point 227931.
  Avoid creating a very short edge (len = 0) (< 4.01382e-06).
  You may try a smaller tolerance (-T) (current is 1e-08)
  or use the option -M0/1 to avoid such replacement.
Warning:  Point 349991 is replaced by point 349990.
  Avoid creating a very short edge (len = 0) (< 4.01382e-06).
  You may try a smaller tolerance (-T) (current is 1e-08)
  or use the option -M0/1 to avoid such replacement.
Warning:  Point 351143 is replaced by point 349990.
  Avoid creating a very short edge (len = 0) (< 4.01382e-06).
  You may try a smaller tolerance (-T) (current is 1e-08)
  or use the option -M0/1 to avoid such replacement.
Warning:  Point 351227 is replaced by point 351215.
  Avoid creating a very short edge (len = 0) (< 4.01382e-06).
  You may try a smaller tolerance (-T) (current is 1e-08)
  or use the option -M0/1 to avoid such replacement.
Warning:  Point 351020 is replaced by point 351225.
  Avoid creating a very short edge (len = 0) (< 4.01382e-06).
  You may try a smaller tolerance (-T) (current is 1e-08)
  or use the option -M0/1 to avoid such replacement.
Warning:  Point 351019 is replaced by point 351225.
  Avoid creating a very short edge (len = 0) (< 4.01382e-06).
  You may try a smaller tolerance (-T) (current is 1e-08)
  or use the option -M0/1 to avoid such replacement.
Warning:  Point 349996 is replaced by point 349998.
  Avoid creating a very short edge (len = 0) (< 4.01382e-06).
  You may try a smaller tolerance (-T) (current is 1e-08)
  or use the option -M0/1 to avoid such replacement.
Warning:  Point 349986 is replaced by point 349997.
  Avoid creating a very short edge (len = 0) (< 4.01382e-06).
  You may try a smaller tolerance (-T) (current is 1e-08)
  or use the option -M0/1 to avoid such replacement.
Warning:  Point 326227 is replaced by point 326346.
  Avoid creating a very short edge (len = 0) (< 4.01382e-06).
  You may try a smaller tolerance (-T) (current is 1e-08)
  or use the option -M0/1 to avoid such replacement.
Warning:  Point 185710 is replaced by point 326347.
  Avoid creating a very short edge (len = 0) (< 4.01382e-06).
  You may try a smaller tolerance (-T) (current is 1e-08)
  or use the option -M0/1 to avoid such replacement.
Warning:  Point 185709 is replaced by point 326347.
  Avoid creating a very short edge (len = 0) (< 4.01382e-06).
  You may try a smaller tolerance (-T) (current is 1e-08)
  or use the option -M0/1 to avoid such replacement.
Warning:  Point 326239 is replaced by point 326238.
  Avoid creating a very short edge (len = 0) (< 4.01382e-06).
  You may try a smaller tolerance (-T) (current is 1e-08)
  or use the option -M0/1 to avoid such replacement.
Warning:  Point 185712 is replaced by point 185711.
  Avoid creating a very short edge (len = 0) (< 4.01382e-06).
  You may try a smaller tolerance (-T) (current is 1e-08)
  or use the option -M0/1 to avoid such replacement.
Warning:  Point 326240 is replaced by point 326238.
  Avoid creating a very short edge (len = 0) (< 4.01382e-06).
  You may try a smaller tolerance (-T) (current is 1e-08)
  or use the option -M0/1 to avoid such replacement.
Warning:  Point 326340 is replaced by point 326236.
  Avoid creating a very short edge (len = 0) (< 4.01382e-06).
  You may try a smaller tolerance (-T) (current is 1e-08)
  or use the option -M0/1 to avoid such replacement.
Warning:  Point 326237 is replaced by point 326236.
  Avoid creating a very short edge (len = 0) (< 4.01382e-06).
  You may try a smaller tolerance (-T) (current is 1e-08)
  or use the option -M0/1 to avoid such replacement.
Warning:  Point 326235 is replaced by point 326234.
  Avoid creating a very short edge (len = 0) (< 4.01382e-06).
  You may try a smaller tolerance (-T) (current is 1e-08)
  or use the option -M0/1 to avoid such replacement.
Warning:  Point 351006 is replaced by point 351007.
  Avoid creating a very short edge (len = 0) (< 4.01382e-06).
  You may try a smaller tolerance (-T) (current is 1e-08)
  or use the option -M0/1 to avoid such replacement.
Warning:  Point 326702 is replaced by point 227370.
  Avoid creating a very short edge (len = 0) (< 4.01382e-06).
  You may try a smaller tolerance (-T) (current is 1e-08)
  or use the option -M0/1 to avoid such replacement.
Warning:  Point 326551 is replaced by point 184609.
  Avoid creating a very short edge (len = 0) (< 4.01382e-06).
  You may try a smaller tolerance (-T) (current is 1e-08)
  or use the option -M0/1 to avoid such replacement.
Warning:  Point 184610 is replaced by point 184609.
  Avoid creating a very short edge (len = 0) (< 4.01382e-06).
  You may try a smaller tolerance (-T) (current is 1e-08)
  or use the option -M0/1 to avoid such replacement.
Warning:  Point 326588 is replaced by point 184609.
  Avoid creating a very short edge (len = 0) (< 4.01382e-06).
  You may try a smaller tolerance (-T) (current is 1e-08)
  or use the option -M0/1 to avoid such replacement.
Warning:  Point 326685 is replaced by point 227907.
  Avoid creating a very short edge (len = 0) (< 4.01382e-06).
  You may try a smaller tolerance (-T) (current is 1e-08)
  or use the option -M0/1 to avoid such replacement.
Warning:  Point 227908 is replaced by point 227907.
  Avoid creating a very short edge (len = 0) (< 4.01382e-06).
  You may try a smaller tolerance (-T) (current is 1e-08)
  or use the option -M0/1 to avoid such replacement.
Warning:  Point 326339 is replaced by point 326668.
  Avoid creating a very short edge (len = 0) (< 4.01382e-06).
  You may try a smaller tolerance (-T) (current is 1e-08)
  or use the option -M0/1 to avoid such replacement.
Warning:  Point 350099 is replaced by point 349353.
  Avoid creating a very short edge (len = 0) (< 4.01382e-06).
  You may try a smaller tolerance (-T) (current is 1e-08)
  or use the option -M0/1 to avoid such replacement.
Warning:  Point 350103 is replaced by point 350059.
  Avoid creating a very short edge (len = 0) (< 4.01382e-06).
  You may try a smaller tolerance (-T) (current is 1e-08)
  or use the option -M0/1 to avoid such replacement.
Warning:  Point 350100 is replaced by point 350059.
  Avoid creating a very short edge (len = 0) (< 4.01382e-06).
  You may try a smaller tolerance (-T) (current is 1e-08)
  or use the option -M0/1 to avoid such replacement.
Warning:  Point 351158 is replaced by point 350016.
  Avoid creating a very short edge (len = 0) (< 4.01382e-06).
  You may try a smaller tolerance (-T) (current is 1e-08)
  or use the option -M0/1 to avoid such replacement.
Warning:  Point 228001 is replaced by point 227999.
  Avoid creating a very short edge (len = 0) (< 4.01382e-06).
  You may try a smaller tolerance (-T) (current is 1e-08)
  or use the option -M0/1 to avoid such replacement.
Warning:  Point 228000 is replaced by point 227999.
  Avoid creating a very short edge (len = 0) (< 4.01382e-06).
  You may try a smaller tolerance (-T) (current is 1e-08)
  or use the option -M0/1 to avoid such replacement.
Warning:  Point 350017 is replaced by point 351195.
  Avoid creating a very short edge (len = 0) (< 4.01382e-06).
  You may try a smaller tolerance (-T) (current is 1e-08)
  or use the option -M0/1 to avoid such replacement.
Warning:  Point 351150 is replaced by point 351148.
  Avoid creating a very short edge (len = 0) (< 4.01382e-06).
  You may try a smaller tolerance (-T) (current is 1e-08)
  or use the option -M0/1 to avoid such replacement.
Warning:  Point 327287 is replaced by point 327442.
  Avoid creating a very short edge (len = 0) (< 4.01382e-06).
  You may try a smaller tolerance (-T) (current is 1e-08)
  or use the option -M0/1 to avoid such replacement.
Warning:  Point 327404 is replaced by point 327442.
  Avoid creating a very short edge (len = 0) (< 4.01382e-06).
  You may try a smaller tolerance (-T) (current is 1e-08)
  or use the option -M0/1 to avoid such replacement.
Warning:  Point 327445 is replaced by point 327463.
  Avoid creating a very short edge (len = 0) (< 4.01382e-06).
  You may try a smaller tolerance (-T) (current is 1e-08)
  or use the option -M0/1 to avoid such replacement.
Warning:  Point 327290 is replaced by point 327289.
  Avoid creating a very short edge (len = 0) (< 4.01382e-06).
  You may try a smaller tolerance (-T) (current is 1e-08)
  or use the option -M0/1 to avoid such replacement.
Warning:  Point 215425 is replaced by point 215424.
  Avoid creating a very short edge (len = 0) (< 4.01382e-06).
  You may try a smaller tolerance (-T) (current is 1e-08)
  or use the option -M0/1 to avoid such replacement.
Warning:  Point 327464 is replaced by point 215158.
  Avoid creating a very short edge (len = 0) (< 4.01382e-06).
  You may try a smaller tolerance (-T) (current is 1e-08)
  or use the option -M0/1 to avoid such replacement.
Warning:  Point 215157 is replaced by point 327465.
  Avoid creating a very short edge (len = 0) (< 4.01382e-06).
  You may try a smaller tolerance (-T) (current is 1e-08)
  or use the option -M0/1 to avoid such replacement.
Warning:  Point 327458 is replaced by point 327460.
  Avoid creating a very short edge (len = 0) (< 4.01382e-06).
  You may try a smaller tolerance (-T) (current is 1e-08)
  or use the option -M0/1 to avoid such replacement.
Warning:  Point 327398 is replaced by point 327481.
  Avoid creating a very short edge (len = 0) (< 4.01382e-06).
  You may try a smaller tolerance (-T) (current is 1e-08)
  or use the option -M0/1 to avoid such replacement.
Warning:  Point 327459 is replaced by point 327460.
  Avoid creating a very short edge (len = 0) (< 4.01382e-06).
  You may try a smaller tolerance (-T) (current is 1e-08)
  or use the option -M0/1 to avoid such replacement.
Warning:  Point 215356 is replaced by point 294799.
  Avoid creating a very short edge (len = 0) (< 4.01382e-06).
  You may try a smaller tolerance (-T) (current is 1e-08)
  or use the option -M0/1 to avoid such replacement.
Warning:  Point 327387 is replaced by point 327130.
  Avoid creating a very short edge (len = 0) (< 4.01382e-06).
  You may try a smaller tolerance (-T) (current is 1e-08)
  or use the option -M0/1 to avoid such replacement.
Warning:  Point 327483 is replaced by point 309188.
  Avoid creating a very short edge (len = 0) (< 4.01382e-06).
  You may try a smaller tolerance (-T) (current is 1e-08)
  or use the option -M0/1 to avoid such replacement.
Warning:  Point 218960 is replaced by point 218961.
  Avoid creating a very short edge (len = 0) (< 4.01382e-06).
  You may try a smaller tolerance (-T) (current is 1e-08)
  or use the option -M0/1 to avoid such replacement.
Warning:  Point 327395 is replaced by point 216050.
  Avoid creating a very short edge (len = 0) (< 4.01382e-06).
  You may try a smaller tolerance (-T) (current is 1e-08)
  or use the option -M0/1 to avoid such replacement.
Warning:  Point 216047 is replaced by point 216046.
  Avoid creating a very short edge (len = 0) (< 4.01382e-06).
  You may try a smaller tolerance (-T) (current is 1e-08)
  or use the option -M0/1 to avoid such replacement.
Warning:  Point 214664 is replaced by point 214665.
  Avoid creating a very short edge (len = 0) (< 4.01382e-06).
  You may try a smaller tolerance (-T) (current is 1e-08)
  or use the option -M0/1 to avoid such replacement.
Warning:  Point 215539 is replaced by point 327372.
  Avoid creating a very short edge (len = 0) (< 4.01382e-06).
  You may try a smaller tolerance (-T) (current is 1e-08)
  or use the option -M0/1 to avoid such replacement.
Warning:  Point 327430 is replaced by point 327423.
  Avoid creating a very short edge (len = 0) (< 4.01382e-06).
  You may try a smaller tolerance (-T) (current is 1e-08)
  or use the option -M0/1 to avoid such replacement.
Warning:  Point 327435 is replaced by point 327424.
  Avoid creating a very short edge (len = 0) (< 4.01382e-06).
  You may try a smaller tolerance (-T) (current is 1e-08)
  or use the option -M0/1 to avoid such replacement.
Warning:  Point 327417 is replaced by point 327416.
  Avoid creating a very short edge (len = 0) (< 4.01382e-06).
  You may try a smaller tolerance (-T) (current is 1e-08)
  or use the option -M0/1 to avoid such replacement.
Warning:  Point 327336 is replaced by point 327427.
  Avoid creating a very short edge (len = 0) (< 4.01382e-06).
  You may try a smaller tolerance (-T) (current is 1e-08)
  or use the option -M0/1 to avoid such replacement.
Warning:  Point 327415 is replaced by point 327416.
  Avoid creating a very short edge (len = 0) (< 4.01382e-06).
  You may try a smaller tolerance (-T) (current is 1e-08)
  or use the option -M0/1 to avoid such replacement.
Warning:  Point 327375 is replaced by point 327377.
  Avoid creating a very short edge (len = 0) (< 4.01382e-06).
  You may try a smaller tolerance (-T) (current is 1e-08)
  or use the option -M0/1 to avoid such replacement.
Warning:  Point 327384 is replaced by point 327385.
  Avoid creating a very short edge (len = 0) (< 4.01382e-06).
  You may try a smaller tolerance (-T) (current is 1e-08)
  or use the option -M0/1 to avoid such replacement.
Warning:  Point 327364 is replaced by point 327365.
  Avoid creating a very short edge (len = 0) (< 4.01382e-06).
  You may try a smaller tolerance (-T) (current is 1e-08)
  or use the option -M0/1 to avoid such replacement.
Warning:  Point 184023 is replaced by point 215433.
  Avoid creating a very short edge (len = 0) (< 4.01382e-06).
  You may try a smaller tolerance (-T) (current is 1e-08)
  or use the option -M0/1 to avoid such replacement.
Warning:  Point 184024 is replaced by point 215433.
  Avoid creating a very short edge (len = 0) (< 4.01382e-06).
  You may try a smaller tolerance (-T) (current is 1e-08)
  or use the option -M0/1 to avoid such replacement.
Warning:  Point 327368 is replaced by point 216052.
  Avoid creating a very short edge (len = 0) (< 4.01382e-06).
  You may try a smaller tolerance (-T) (current is 1e-08)
  or use the option -M0/1 to avoid such replacement.
Warning:  Point 327619 is replaced by point 216052.
  Avoid creating a very short edge (len = 0) (< 4.01382e-06).
  You may try a smaller tolerance (-T) (current is 1e-08)
  or use the option -M0/1 to avoid such replacement.
Warning:  Point 215435 is replaced by point 326903.
  Avoid creating a very short edge (len = 0) (< 4.01382e-06).
  You may try a smaller tolerance (-T) (current is 1e-08)
  or use the option -M0/1 to avoid such replacement.
Warning:  Point 215434 is replaced by point 326903.
  Avoid creating a very short edge (len = 0) (< 4.01382e-06).
  You may try a smaller tolerance (-T) (current is 1e-08)
  or use the option -M0/1 to avoid such replacement.
Warning:  Point 215809 is replaced by point 184022.
  Avoid creating a very short edge (len = 0) (< 4.01382e-06).
  You may try a smaller tolerance (-T) (current is 1e-08)
  or use the option -M0/1 to avoid such replacement.
Warning:  Point 184021 is replaced by point 184022.
  Avoid creating a very short edge (len = 0) (< 4.01382e-06).
  You may try a smaller tolerance (-T) (current is 1e-08)
  or use the option -M0/1 to avoid such replacement.
Warning:  Point 419361 is replaced by point 349266.
  Avoid creating a very short edge (len = 0) (< 4.01382e-06).
  You may try a smaller tolerance (-T) (current is 1e-08)
  or use the option -M0/1 to avoid such replacement.
Warning:  Point 268717 is replaced by point 349266.
  Avoid creating a very short edge (len = 0) (< 4.01382e-06).
  You may try a smaller tolerance (-T) (current is 1e-08)
  or use the option -M0/1 to avoid such replacement.
Warning:  Point 349892 is replaced by point 349897.
  Avoid creating a very short edge (len = 0) (< 4.01382e-06).
  You may try a smaller tolerance (-T) (current is 1e-08)
  or use the option -M0/1 to avoid such replacement.
Warning:  Point 227218 is replaced by point 349890.
  Avoid creating a very short edge (len = 0) (< 4.01382e-06).
  You may try a smaller tolerance (-T) (current is 1e-08)
  or use the option -M0/1 to avoid such replacement.
Warning:  Point 227307 is replaced by point 227308.
  Avoid creating a very short edge (len = 0) (< 4.01382e-06).
  You may try a smaller tolerance (-T) (current is 1e-08)
  or use the option -M0/1 to avoid such replacement.
Warning:  Point 344922 is replaced by point 349835.
  Avoid creating a very short edge (len = 0) (< 4.01382e-06).
  You may try a smaller tolerance (-T) (current is 1e-08)
  or use the option -M0/1 to avoid such replacement.
Warning:  Point 349883 is replaced by point 326597.
  Avoid creating a very short edge (len = 0) (< 4.01382e-06).
  You may try a smaller tolerance (-T) (current is 1e-08)
  or use the option -M0/1 to avoid such replacement.
Warning:  Point 349886 is replaced by point 326594.
  Avoid creating a very short edge (len = 0) (< 4.01382e-06).
  You may try a smaller tolerance (-T) (current is 1e-08)
  or use the option -M0/1 to avoid such replacement.
Warning:  Point 349873 is replaced by point 326597.
  Avoid creating a very short edge (len = 0) (< 4.01382e-06).
  You may try a smaller tolerance (-T) (current is 1e-08)
  or use the option -M0/1 to avoid such replacement.
Warning:  Point 344081 is replaced by point 227208.
  Avoid creating a very short edge (len = 0) (< 4.01382e-06).
  You may try a smaller tolerance (-T) (current is 1e-08)
  or use the option -M0/1 to avoid such replacement.
Warning:  Point 349898 is replaced by point 227206.
  Avoid creating a very short edge (len = 0) (< 4.01382e-06).
  You may try a smaller tolerance (-T) (current is 1e-08)
  or use the option -M0/1 to avoid such replacement.
Warning:  Point 344080 is replaced by point 227208.
  Avoid creating a very short edge (len = 0) (< 4.01382e-06).
  You may try a smaller tolerance (-T) (current is 1e-08)
  or use the option -M0/1 to avoid such replacement.
Warning:  Point 349901 is replaced by point 349894.
  Avoid creating a very short edge (len = 0) (< 4.01382e-06).
  You may try a smaller tolerance (-T) (current is 1e-08)
  or use the option -M0/1 to avoid such replacement.
Warning:  Point 345135 is replaced by point 349902.
  Avoid creating a very short edge (len = 0) (< 4.01382e-06).
  You may try a smaller tolerance (-T) (current is 1e-08)
  or use the option -M0/1 to avoid such replacement.
Warning:  Point 349903 is replaced by point 349902.
  Avoid creating a very short edge (len = 0) (< 4.01382e-06).
  You may try a smaller tolerance (-T) (current is 1e-08)
  or use the option -M0/1 to avoid such replacement.
Warning:  Point 345136 is replaced by point 349900.
  Avoid creating a very short edge (len = 0) (< 4.01382e-06).
  You may try a smaller tolerance (-T) (current is 1e-08)
  or use the option -M0/1 to avoid such replacement.
Warning:  Point 344818 is replaced by point 344817.
  Avoid creating a very short edge (len = 0) (< 4.01382e-06).
  You may try a smaller tolerance (-T) (current is 1e-08)
  or use the option -M0/1 to avoid such replacement.
Warning:  Point 349895 is replaced by point 349108.
  Avoid creating a very short edge (len = 0) (< 4.01382e-06).
  You may try a smaller tolerance (-T) (current is 1e-08)
  or use the option -M0/1 to avoid such replacement.
Warning:  Point 349896 is replaced by point 349108.
  Avoid creating a very short edge (len = 0) (< 4.01382e-06).
  You may try a smaller tolerance (-T) (current is 1e-08)
  or use the option -M0/1 to avoid such replacement.
Warning:  Point 349820 is replaced by point 349819.
  Avoid creating a very short edge (len = 0) (< 4.01382e-06).
  You may try a smaller tolerance (-T) (current is 1e-08)
  or use the option -M0/1 to avoid such replacement.
Warning:  Point 326599 is replaced by point 326598.
  Avoid creating a very short edge (len = 0) (< 4.01382e-06).
  You may try a smaller tolerance (-T) (current is 1e-08)
  or use the option -M0/1 to avoid such replacement.
Warning:  Point 349845 is replaced by point 349819.
  Avoid creating a very short edge (len = 0) (< 4.01382e-06).
  You may try a smaller tolerance (-T) (current is 1e-08)
  or use the option -M0/1 to avoid such replacement.
Warning:  Point 349844 is replaced by point 349819.
  Avoid creating a very short edge (len = 0) (< 4.01382e-06).
  You may try a smaller tolerance (-T) (current is 1e-08)
  or use the option -M0/1 to avoid such replacement.
Warning:  Point 326600 is replaced by point 326601.
  Avoid creating a very short edge (len = 0) (< 4.01382e-06).
  You may try a smaller tolerance (-T) (current is 1e-08)
  or use the option -M0/1 to avoid such replacement.
Warning:  Point 326602 is replaced by point 326601.
  Avoid creating a very short edge (len = 0) (< 4.01382e-06).
  You may try a smaller tolerance (-T) (current is 1e-08)
  or use the option -M0/1 to avoid such replacement.
Warning:  Point 349909 is replaced by point 268203.
  Avoid creating a very short edge (len = 0) (< 4.01382e-06).
  You may try a smaller tolerance (-T) (current is 1e-08)
  or use the option -M0/1 to avoid such replacement.
Warning:  Point 349913 is replaced by point 349907.
  Avoid creating a very short edge (len = 0) (< 4.01382e-06).
  You may try a smaller tolerance (-T) (current is 1e-08)
  or use the option -M0/1 to avoid such replacement.
Warning:  Point 349852 is replaced by point 349848.
  Avoid creating a very short edge (len = 0) (< 4.01382e-06).
  You may try a smaller tolerance (-T) (current is 1e-08)
  or use the option -M0/1 to avoid such replacement.
Warning:  Point 349763 is replaced by point 326717.
  Avoid creating a very short edge (len = 0) (< 4.01382e-06).
  You may try a smaller tolerance (-T) (current is 1e-08)
  or use the option -M0/1 to avoid such replacement.
Warning:  Point 227283 is replaced by point 349782.
  Avoid creating a very short edge (len = 0) (< 4.01382e-06).
  You may try a smaller tolerance (-T) (current is 1e-08)
  or use the option -M0/1 to avoid such replacement.
Warning:  Point 227284 is replaced by point 349782.
  Avoid creating a very short edge (len = 0) (< 4.01382e-06).
  You may try a smaller tolerance (-T) (current is 1e-08)
  or use the option -M0/1 to avoid such replacement.
Warning:  Point 349855 is replaced by point 349786.
  Avoid creating a very short edge (len = 0) (< 4.01382e-06).
  You may try a smaller tolerance (-T) (current is 1e-08)
  or use the option -M0/1 to avoid such replacement.
Warning:  Point 349917 is replaced by point 268201.
  Avoid creating a very short edge (len = 0) (< 4.01382e-06).
  You may try a smaller tolerance (-T) (current is 1e-08)
  or use the option -M0/1 to avoid such replacement.
Warning:  Point 349919 is replaced by point 236153.
  Avoid creating a very short edge (len = 0) (< 4.01382e-06).
  You may try a smaller tolerance (-T) (current is 1e-08)
  or use the option -M0/1 to avoid such replacement.
Warning:  Point 349928 is replaced by point 349729.
  Avoid creating a very short edge (len = 0) (< 4.01382e-06).
  You may try a smaller tolerance (-T) (current is 1e-08)
  or use the option -M0/1 to avoid such replacement.
Warning:  Point 349730 is replaced by point 349729.
  Avoid creating a very short edge (len = 0) (< 4.01382e-06).
  You may try a smaller tolerance (-T) (current is 1e-08)
  or use the option -M0/1 to avoid such replacement.
Warning:  Point 349931 is replaced by point 349937.
  Avoid creating a very short edge (len = 0) (< 4.01382e-06).
  You may try a smaller tolerance (-T) (current is 1e-08)
  or use the option -M0/1 to avoid such replacement.
Warning:  Point 349929 is replaced by point 349927.
  Avoid creating a very short edge (len = 0) (< 4.01382e-06).
  You may try a smaller tolerance (-T) (current is 1e-08)
  or use the option -M0/1 to avoid such replacement.
Warning:  Point 267598 is replaced by point 349933.
  Avoid creating a very short edge (len = 0) (< 4.01382e-06).
  You may try a smaller tolerance (-T) (current is 1e-08)
  or use the option -M0/1 to avoid such replacement.
Warning:  Point 227042 is replaced by point 349932.
  Avoid creating a very short edge (len = 0) (< 4.01382e-06).
  You may try a smaller tolerance (-T) (current is 1e-08)
  or use the option -M0/1 to avoid such replacement.
Warning:  Point 227041 is replaced by point 349932.
  Avoid creating a very short edge (len = 0) (< 4.01382e-06).
  You may try a smaller tolerance (-T) (current is 1e-08)
  or use the option -M0/1 to avoid such replacement.
Warning:  Point 226885 is replaced by point 348588.
  Avoid creating a very short edge (len = 0) (< 4.01382e-06).
  You may try a smaller tolerance (-T) (current is 1e-08)
  or use the option -M0/1 to avoid such replacement.
Warning:  Point 349944 is replaced by point 348588.
  Avoid creating a very short edge (len = 0) (< 4.01382e-06).
  You may try a smaller tolerance (-T) (current is 1e-08)
  or use the option -M0/1 to avoid such replacement.
Warning:  Point 349961 is replaced by point 349960.
  Avoid creating a very short edge (len = 0) (< 4.01382e-06).
  You may try a smaller tolerance (-T) (current is 1e-08)
  or use the option -M0/1 to avoid such replacement.
Warning:  Point 349959 is replaced by point 349946.
  Avoid creating a very short edge (len = 0) (< 4.01382e-06).
  You may try a smaller tolerance (-T) (current is 1e-08)
  or use the option -M0/1 to avoid such replacement.
Warning:  Point 349957 is replaced by point 349954.
  Avoid creating a very short edge (len = 0) (< 4.01382e-06).
  You may try a smaller tolerance (-T) (current is 1e-08)
  or use the option -M0/1 to avoid such replacement.
Warning:  Point 349963 is replaced by point 349954.
  Avoid creating a very short edge (len = 0) (< 4.01382e-06).
  You may try a smaller tolerance (-T) (current is 1e-08)
  or use the option -M0/1 to avoid such replacement.
Warning:  Point 349956 is replaced by point 349942.
  Avoid creating a very short edge (len = 0) (< 4.01382e-06).
  You may try a smaller tolerance (-T) (current is 1e-08)
  or use the option -M0/1 to avoid such replacement.
Warning:  Point 349936 is replaced by point 349942.
  Avoid creating a very short edge (len = 0) (< 4.01382e-06).
  You may try a smaller tolerance (-T) (current is 1e-08)
  or use the option -M0/1 to avoid such replacement.
Warning:  Point 368917 is replaced by point 375841.
  Avoid creating a very short edge (len = 0) (< 4.01382e-06).
  You may try a smaller tolerance (-T) (current is 1e-08)
  or use the option -M0/1 to avoid such replacement.
Warning:  Point 375797 is replaced by point 375840.
  Avoid creating a very short edge (len = 0) (< 4.01382e-06).
  You may try a smaller tolerance (-T) (current is 1e-08)
  or use the option -M0/1 to avoid such replacement.
Warning:  Point 375798 is replaced by point 375802.
  Avoid creating a very short edge (len = 0) (< 4.01382e-06).
  You may try a smaller tolerance (-T) (current is 1e-08)
  or use the option -M0/1 to avoid such replacement.
Warning:  Point 368701 is replaced by point 368700.
  Avoid creating a very short edge (len = 0) (< 4.01382e-06).
  You may try a smaller tolerance (-T) (current is 1e-08)
  or use the option -M0/1 to avoid such replacement.
Warning:  Point 368699 is replaced by point 368700.
  Avoid creating a very short edge (len = 0) (< 4.01382e-06).
  You may try a smaller tolerance (-T) (current is 1e-08)
  or use the option -M0/1 to avoid such replacement.
Warning:  Point 239113 is replaced by point 239114.
  Avoid creating a very short edge (len = 0) (< 4.01382e-06).
  You may try a smaller tolerance (-T) (current is 1e-08)
  or use the option -M0/1 to avoid such replacement.
Warning:  Point 239115 is replaced by point 239114.
  Avoid creating a very short edge (len = 0) (< 4.01382e-06).
  You may try a smaller tolerance (-T) (current is 1e-08)
  or use the option -M0/1 to avoid such replacement.
Warning:  Point 243972 is replaced by point 243971.
  Avoid creating a very short edge (len = 0) (< 4.01382e-06).
  You may try a smaller tolerance (-T) (current is 1e-08)
  or use the option -M0/1 to avoid such replacement.
Warning:  Point 376570 is replaced by point 375819.
  Avoid creating a very short edge (len = 0) (< 4.01382e-06).
  You may try a smaller tolerance (-T) (current is 1e-08)
  or use the option -M0/1 to avoid such replacement.
Warning:  Point 375835 is replaced by point 375819.
  Avoid creating a very short edge (len = 0) (< 4.01382e-06).
  You may try a smaller tolerance (-T) (current is 1e-08)
  or use the option -M0/1 to avoid such replacement.
Warning:  Point 375833 is replaced by point 375834.
  Avoid creating a very short edge (len = 0) (< 4.01382e-06).
  You may try a smaller tolerance (-T) (current is 1e-08)
  or use the option -M0/1 to avoid such replacement.
Warning:  Point 375818 is replaced by point 375834.
  Avoid creating a very short edge (len = 0) (< 4.01382e-06).
  You may try a smaller tolerance (-T) (current is 1e-08)
  or use the option -M0/1 to avoid such replacement.
Warning:  Point 375825 is replaced by point 375824.
  Avoid creating a very short edge (len = 0) (< 4.01382e-06).
  You may try a smaller tolerance (-T) (current is 1e-08)
  or use the option -M0/1 to avoid such replacement.
Warning:  Point 375828 is replaced by point 375824.
  Avoid creating a very short edge (len = 0) (< 4.01382e-06).
  You may try a smaller tolerance (-T) (current is 1e-08)
  or use the option -M0/1 to avoid such replacement.
Warning:  Point 375810 is replaced by point 243810.
  Avoid creating a very short edge (len = 0) (< 4.01382e-06).
  You may try a smaller tolerance (-T) (current is 1e-08)
  or use the option -M0/1 to avoid such replacement.
Warning:  Point 376565 is replaced by point 376562.
  Avoid creating a very short edge (len = 0) (< 4.01382e-06).
  You may try a smaller tolerance (-T) (current is 1e-08)
  or use the option -M0/1 to avoid such replacement.
Warning:  Point 376561 is replaced by point 376562.
  Avoid creating a very short edge (len = 0) (< 4.01382e-06).
  You may try a smaller tolerance (-T) (current is 1e-08)
  or use the option -M0/1 to avoid such replacement.
Warning:  Point 243811 is replaced by point 243810.
  Avoid creating a very short edge (len = 0) (< 4.01382e-06).
  You may try a smaller tolerance (-T) (current is 1e-08)
  or use the option -M0/1 to avoid such replacement.
Warning:  Point 376557 is replaced by point 243812.
  Avoid creating a very short edge (len = 0) (< 4.01382e-06).
  You may try a smaller tolerance (-T) (current is 1e-08)
  or use the option -M0/1 to avoid such replacement.
Warning:  Point 243809 is replaced by point 243812.
  Avoid creating a very short edge (len = 0) (< 4.01382e-06).
  You may try a smaller tolerance (-T) (current is 1e-08)
  or use the option -M0/1 to avoid such replacement.
Warning:  Point 376568 is replaced by point 376567.
  Avoid creating a very short edge (len = 0) (< 4.01382e-06).
  You may try a smaller tolerance (-T) (current is 1e-08)
  or use the option -M0/1 to avoid such replacement.
Warning:  Point 376566 is replaced by point 376556.
  Avoid creating a very short edge (len = 0) (< 4.01382e-06).
  You may try a smaller tolerance (-T) (current is 1e-08)
  or use the option -M0/1 to avoid such replacement.
Warning:  Point 376558 is replaced by point 376556.
  Avoid creating a very short edge (len = 0) (< 4.01382e-06).
  You may try a smaller tolerance (-T) (current is 1e-08)
  or use the option -M0/1 to avoid such replacement.
Warning:  Point 375839 is replaced by point 376640.
  Avoid creating a very short edge (len = 0) (< 4.01382e-06).
  You may try a smaller tolerance (-T) (current is 1e-08)
  or use the option -M0/1 to avoid such replacement.
Warning:  Point 375836 is replaced by point 376645.
  Avoid creating a very short edge (len = 0) (< 4.01382e-06).
  You may try a smaller tolerance (-T) (current is 1e-08)
  or use the option -M0/1 to avoid such replacement.
Warning:  Point 375837 is replaced by point 376645.
  Avoid creating a very short edge (len = 0) (< 4.01382e-06).
  You may try a smaller tolerance (-T) (current is 1e-08)
  or use the option -M0/1 to avoid such replacement.
Warning:  Point 375838 is replaced by point 376640.
  Avoid creating a very short edge (len = 0) (< 4.01382e-06).
  You may try a smaller tolerance (-T) (current is 1e-08)
  or use the option -M0/1 to avoid such replacement.
Warning:  Point 243975 is replaced by point 243974.
  Avoid creating a very short edge (len = 0) (< 4.01382e-06).
  You may try a smaller tolerance (-T) (current is 1e-08)
  or use the option -M0/1 to avoid such replacement.
Warning:  Point 376564 is replaced by point 375820.
  Avoid creating a very short edge (len = 0) (< 4.01382e-06).
  You may try a smaller tolerance (-T) (current is 1e-08)
  or use the option -M0/1 to avoid such replacement.
Warning:  Point 243973 is replaced by point 243974.
  Avoid creating a very short edge (len = 0) (< 4.01382e-06).
  You may try a smaller tolerance (-T) (current is 1e-08)
  or use the option -M0/1 to avoid such replacement.
Warning:  Point 187528 is replaced by point 187529.
  Avoid creating a very short edge (len = 0) (< 4.01382e-06).
  You may try a smaller tolerance (-T) (current is 1e-08)
  or use the option -M0/1 to avoid such replacement.
Warning:  Point 244187 is replaced by point 187526.
  Avoid creating a very short edge (len = 0) (< 4.01382e-06).
  You may try a smaller tolerance (-T) (current is 1e-08)
  or use the option -M0/1 to avoid such replacement.
Warning:  Point 376560 is replaced by point 187526.
  Avoid creating a very short edge (len = 0) (< 4.01382e-06).
  You may try a smaller tolerance (-T) (current is 1e-08)
  or use the option -M0/1 to avoid such replacement.
Warning:  Point 187527 is replaced by point 187526.
  Avoid creating a very short edge (len = 0) (< 4.01382e-06).
  You may try a smaller tolerance (-T) (current is 1e-08)
  or use the option -M0/1 to avoid such replacement.
Warning:  Point 372977 is replaced by point 375773.
  Avoid creating a very short edge (len = 0) (< 4.01382e-06).
  You may try a smaller tolerance (-T) (current is 1e-08)
  or use the option -M0/1 to avoid such replacement.
Warning:  Point 376643 is replaced by point 376644.
  Avoid creating a very short edge (len = 0) (< 4.01382e-06).
  You may try a smaller tolerance (-T) (current is 1e-08)
  or use the option -M0/1 to avoid such replacement.
Warning:  Point 376554 is replaced by point 244188.
  Avoid creating a very short edge (len = 0) (< 4.01382e-06).
  You may try a smaller tolerance (-T) (current is 1e-08)
  or use the option -M0/1 to avoid such replacement.
Warning:  Point 368921 is replaced by point 368922.
  Avoid creating a very short edge (len = 0) (< 4.01382e-06).
  You may try a smaller tolerance (-T) (current is 1e-08)
  or use the option -M0/1 to avoid such replacement.
Warning:  Point 372956 is replaced by point 368922.
  Avoid creating a very short edge (len = 0) (< 4.01382e-06).
  You may try a smaller tolerance (-T) (current is 1e-08)
  or use the option -M0/1 to avoid such replacement.
Warning:  Point 373244 is replaced by point 373245.
  Avoid creating a very short edge (len = 0) (< 4.01382e-06).
  You may try a smaller tolerance (-T) (current is 1e-08)
  or use the option -M0/1 to avoid such replacement.
Warning:  Point 368606 is replaced by point 374076.
  Avoid creating a very short edge (len = 0) (< 4.01382e-06).
  You may try a smaller tolerance (-T) (current is 1e-08)
  or use the option -M0/1 to avoid such replacement.
Warning:  Point 244373 is replaced by point 373245.
  Avoid creating a very short edge (len = 0) (< 4.01382e-06).
  You may try a smaller tolerance (-T) (current is 1e-08)
  or use the option -M0/1 to avoid such replacement.
Warning:  Point 376920 is replaced by point 374076.
  Avoid creating a very short edge (len = 0) (< 4.01382e-06).
  You may try a smaller tolerance (-T) (current is 1e-08)
  or use the option -M0/1 to avoid such replacement.
Warning:  Point 374075 is replaced by point 373245.
  Avoid creating a very short edge (len = 0) (< 4.01382e-06).
  You may try a smaller tolerance (-T) (current is 1e-08)
  or use the option -M0/1 to avoid such replacement.
Warning:  Point 243806 is replaced by point 368650.
  Avoid creating a very short edge (len = 0) (< 4.01382e-06).
  You may try a smaller tolerance (-T) (current is 1e-08)
  or use the option -M0/1 to avoid such replacement.
Warning:  Point 368651 is replaced by point 368650.
  Avoid creating a very short edge (len = 0) (< 4.01382e-06).
  You may try a smaller tolerance (-T) (current is 1e-08)
  or use the option -M0/1 to avoid such replacement.
Warning:  Point 376926 is replaced by point 243807.
  Avoid creating a very short edge (len = 0) (< 4.01382e-06).
  You may try a smaller tolerance (-T) (current is 1e-08)
  or use the option -M0/1 to avoid such replacement.
Warning:  Point 244332 is replaced by point 368437.
  Avoid creating a very short edge (len = 0) (< 4.01382e-06).
  You may try a smaller tolerance (-T) (current is 1e-08)
  or use the option -M0/1 to avoid such replacement.
Warning:  Point 239261 is replaced by point 239259.
  Avoid creating a very short edge (len = 0) (< 4.01382e-06).
  You may try a smaller tolerance (-T) (current is 1e-08)
  or use the option -M0/1 to avoid such replacement.
Warning:  Point 239260 is replaced by point 239259.
  Avoid creating a very short edge (len = 0) (< 4.01382e-06).
  You may try a smaller tolerance (-T) (current is 1e-08)
  or use the option -M0/1 to avoid such replacement.
Warning:  Point 368675 is replaced by point 368676.
  Avoid creating a very short edge (len = 0) (< 4.01382e-06).
  You may try a smaller tolerance (-T) (current is 1e-08)
  or use the option -M0/1 to avoid such replacement.
Warning:  Point 410576 is replaced by point 263223.
  Avoid creating a very short edge (len = 0) (< 4.01382e-06).
  You may try a smaller tolerance (-T) (current is 1e-08)
  or use the option -M0/1 to avoid such replacement.
Warning:  Point 410621 is replaced by point 400060.
  Avoid creating a very short edge (len = 0) (< 4.01382e-06).
  You may try a smaller tolerance (-T) (current is 1e-08)
  or use the option -M0/1 to avoid such replacement.
Warning:  Point 410540 is replaced by point 410557.
  Avoid creating a very short edge (len = 0) (< 4.01382e-06).
  You may try a smaller tolerance (-T) (current is 1e-08)
  or use the option -M0/1 to avoid such replacement.
Warning:  Point 410622 is replaced by point 400060.
  Avoid creating a very short edge (len = 0) (< 4.01382e-06).
  You may try a smaller tolerance (-T) (current is 1e-08)
  or use the option -M0/1 to avoid such replacement.
Warning:  Point 410534 is replaced by point 410632.
  Avoid creating a very short edge (len = 0) (< 4.01382e-06).
  You may try a smaller tolerance (-T) (current is 1e-08)
  or use the option -M0/1 to avoid such replacement.
Warning:  Point 410582 is replaced by point 410632.
  Avoid creating a very short edge (len = 0) (< 4.01382e-06).
  You may try a smaller tolerance (-T) (current is 1e-08)
  or use the option -M0/1 to avoid such replacement.
Warning:  Point 410535 is replaced by point 410627.
  Avoid creating a very short edge (len = 0) (< 4.01382e-06).
  You may try a smaller tolerance (-T) (current is 1e-08)
  or use the option -M0/1 to avoid such replacement.
Warning:  Point 410556 is replaced by point 410548.
  Avoid creating a very short edge (len = 0) (< 4.01382e-06).
  You may try a smaller tolerance (-T) (current is 1e-08)
  or use the option -M0/1 to avoid such replacement.
Warning:  Point 400999 is replaced by point 400998.
  Avoid creating a very short edge (len = 0) (< 4.01382e-06).
  You may try a smaller tolerance (-T) (current is 1e-08)
  or use the option -M0/1 to avoid such replacement.
Warning:  Point 400997 is replaced by point 400998.
  Avoid creating a very short edge (len = 0) (< 4.01382e-06).
  You may try a smaller tolerance (-T) (current is 1e-08)
  or use the option -M0/1 to avoid such replacement.
Warning:  Point 410532 is replaced by point 410523.
  Avoid creating a very short edge (len = 0) (< 4.01382e-06).
  You may try a smaller tolerance (-T) (current is 1e-08)
  or use the option -M0/1 to avoid such replacement.
Warning:  Point 410524 is replaced by point 410523.
  Avoid creating a very short edge (len = 0) (< 4.01382e-06).
  You may try a smaller tolerance (-T) (current is 1e-08)
  or use the option -M0/1 to avoid such replacement.
Warning:  Point 410526 is replaced by point 410563.
  Avoid creating a very short edge (len = 0) (< 4.01382e-06).
  You may try a smaller tolerance (-T) (current is 1e-08)
  or use the option -M0/1 to avoid such replacement.
Warning:  Point 410528 is replaced by point 410563.
  Avoid creating a very short edge (len = 0) (< 4.01382e-06).
  You may try a smaller tolerance (-T) (current is 1e-08)
  or use the option -M0/1 to avoid such replacement.
Warning:  Point 410566 is replaced by point 410544.
  Avoid creating a very short edge (len = 0) (< 4.01382e-06).
  You may try a smaller tolerance (-T) (current is 1e-08)
  or use the option -M0/1 to avoid such replacement.
Warning:  Point 410549 is replaced by point 410543.
  Avoid creating a very short edge (len = 0) (< 4.01382e-06).
  You may try a smaller tolerance (-T) (current is 1e-08)
  or use the option -M0/1 to avoid such replacement.
Warning:  Point 410628 is replaced by point 410637.
  Avoid creating a very short edge (len = 0) (< 4.01382e-06).
  You may try a smaller tolerance (-T) (current is 1e-08)
  or use the option -M0/1 to avoid such replacement.
Warning:  Point 410639 is replaced by point 410640.
  Avoid creating a very short edge (len = 0) (< 4.01382e-06).
  You may try a smaller tolerance (-T) (current is 1e-08)
  or use the option -M0/1 to avoid such replacement.
Warning:  Point 410641 is replaced by point 410640.
  Avoid creating a very short edge (len = 0) (< 4.01382e-06).
  You may try a smaller tolerance (-T) (current is 1e-08)
  or use the option -M0/1 to avoid such replacement.
Warning:  Point 258232 is replaced by point 258233.
  Avoid creating a very short edge (len = 0) (< 4.01382e-06).
  You may try a smaller tolerance (-T) (current is 1e-08)
  or use the option -M0/1 to avoid such replacement.
Warning:  Point 258234 is replaced by point 258233.
  Avoid creating a very short edge (len = 0) (< 4.01382e-06).
  You may try a smaller tolerance (-T) (current is 1e-08)
  or use the option -M0/1 to avoid such replacement.
Warning:  Point 258087 is replaced by point 258089.
  Avoid creating a very short edge (len = 0) (< 4.01382e-06).
  You may try a smaller tolerance (-T) (current is 1e-08)
  or use the option -M0/1 to avoid such replacement.
Warning:  Point 400406 is replaced by point 410592.
  Avoid creating a very short edge (len = 0) (< 4.01382e-06).
  You may try a smaller tolerance (-T) (current is 1e-08)
  or use the option -M0/1 to avoid such replacement.
Warning:  Point 410661 is replaced by point 410660.
  Avoid creating a very short edge (len = 0) (< 4.01382e-06).
  You may try a smaller tolerance (-T) (current is 1e-08)
  or use the option -M0/1 to avoid such replacement.
Warning:  Point 402032 is replaced by point 402034.
  Avoid creating a very short edge (len = 0) (< 4.01382e-06).
  You may try a smaller tolerance (-T) (current is 1e-08)
  or use the option -M0/1 to avoid such replacement.
Warning:  Point 402033 is replaced by point 402034.
  Avoid creating a very short edge (len = 0) (< 4.01382e-06).
  You may try a smaller tolerance (-T) (current is 1e-08)
  or use the option -M0/1 to avoid such replacement.
Warning:  Point 402585 is replaced by point 402034.
  Avoid creating a very short edge (len = 0) (< 4.01382e-06).
  You may try a smaller tolerance (-T) (current is 1e-08)
  or use the option -M0/1 to avoid such replacement.
Warning:  Point 401002 is replaced by point 401000.
  Avoid creating a very short edge (len = 0) (< 4.01382e-06).
  You may try a smaller tolerance (-T) (current is 1e-08)
  or use the option -M0/1 to avoid such replacement.
Warning:  Point 401001 is replaced by point 401000.
  Avoid creating a very short edge (len = 0) (< 4.01382e-06).
  You may try a smaller tolerance (-T) (current is 1e-08)
  or use the option -M0/1 to avoid such replacement.
Warning:  Point 257984 is replaced by point 257982.
  Avoid creating a very short edge (len = 0) (< 4.01382e-06).
  You may try a smaller tolerance (-T) (current is 1e-08)
  or use the option -M0/1 to avoid such replacement.
Warning:  Point 257983 is replaced by point 257982.
  Avoid creating a very short edge (len = 0) (< 4.01382e-06).
  You may try a smaller tolerance (-T) (current is 1e-08)
  or use the option -M0/1 to avoid such replacement.
Warning:  Point 410630 is replaced by point 410655.
  Avoid creating a very short edge (len = 0) (< 4.01382e-06).
  You may try a smaller tolerance (-T) (current is 1e-08)
  or use the option -M0/1 to avoid such replacement.
Warning:  Point 410652 is replaced by point 410647.
  Avoid creating a very short edge (len = 0) (< 4.01382e-06).
  You may try a smaller tolerance (-T) (current is 1e-08)
  or use the option -M0/1 to avoid such replacement.
Warning:  Point 410650 is replaced by point 410647.
  Avoid creating a very short edge (len = 0) (< 4.01382e-06).
  You may try a smaller tolerance (-T) (current is 1e-08)
  or use the option -M0/1 to avoid such replacement.
Warning:  Point 410648 is replaced by point 410653.
  Avoid creating a very short edge (len = 0) (< 4.01382e-06).
  You may try a smaller tolerance (-T) (current is 1e-08)
  or use the option -M0/1 to avoid such replacement.
Warning:  Point 410670 is replaced by point 410667.
  Avoid creating a very short edge (len = 0) (< 4.01382e-06).
  You may try a smaller tolerance (-T) (current is 1e-08)
  or use the option -M0/1 to avoid such replacement.
Warning:  Point 410646 is replaced by point 410667.
  Avoid creating a very short edge (len = 0) (< 4.01382e-06).
  You may try a smaller tolerance (-T) (current is 1e-08)
  or use the option -M0/1 to avoid such replacement.
Warning:  Point 400410 is replaced by point 400411.
  Avoid creating a very short edge (len = 0) (< 4.01382e-06).
  You may try a smaller tolerance (-T) (current is 1e-08)
  or use the option -M0/1 to avoid such replacement.
Warning:  Point 410631 is replaced by point 410638.
  Avoid creating a very short edge (len = 0) (< 4.01382e-06).
  You may try a smaller tolerance (-T) (current is 1e-08)
  or use the option -M0/1 to avoid such replacement.
Warning:  Point 400986 is replaced by point 258710.
  Avoid creating a very short edge (len = 0) (< 4.01382e-06).
  You may try a smaller tolerance (-T) (current is 1e-08)
  or use the option -M0/1 to avoid such replacement.
Warning:  Point 263194 is replaced by point 191792.
  Avoid creating a very short edge (len = 0) (< 4.01382e-06).
  You may try a smaller tolerance (-T) (current is 1e-08)
  or use the option -M0/1 to avoid such replacement.
Warning:  Point 263184 is replaced by point 258708.
  Avoid creating a very short edge (len = 0) (< 4.01382e-06).
  You may try a smaller tolerance (-T) (current is 1e-08)
  or use the option -M0/1 to avoid such replacement.
Warning:  Point 258707 is replaced by point 258710.
  Avoid creating a very short edge (len = 0) (< 4.01382e-06).
  You may try a smaller tolerance (-T) (current is 1e-08)
  or use the option -M0/1 to avoid such replacement.
Warning:  Point 400990 is replaced by point 258710.
  Avoid creating a very short edge (len = 0) (< 4.01382e-06).
  You may try a smaller tolerance (-T) (current is 1e-08)
  or use the option -M0/1 to avoid such replacement.
Warning:  Point 258709 is replaced by point 258708.
  Avoid creating a very short edge (len = 0) (< 4.01382e-06).
  You may try a smaller tolerance (-T) (current is 1e-08)
  or use the option -M0/1 to avoid such replacement.
Warning:  Point 418396 is replaced by point 392899.
  Avoid creating a very short edge (len = 0) (< 4.01382e-06).
  You may try a smaller tolerance (-T) (current is 1e-08)
  or use the option -M0/1 to avoid such replacement.
Warning:  Point 418397 is replaced by point 392899.
  Avoid creating a very short edge (len = 0) (< 4.01382e-06).
  You may try a smaller tolerance (-T) (current is 1e-08)
  or use the option -M0/1 to avoid such replacement.
Warning:  Point 418464 is replaced by point 418402.
  Avoid creating a very short edge (len = 0) (< 4.01382e-06).
  You may try a smaller tolerance (-T) (current is 1e-08)
  or use the option -M0/1 to avoid such replacement.
Warning:  Point 268313 is replaced by point 268311.
  Avoid creating a very short edge (len = 0) (< 4.01382e-06).
  You may try a smaller tolerance (-T) (current is 1e-08)
  or use the option -M0/1 to avoid such replacement.
Warning:  Point 268312 is replaced by point 268311.
  Avoid creating a very short edge (len = 0) (< 4.01382e-06).
  You may try a smaller tolerance (-T) (current is 1e-08)
  or use the option -M0/1 to avoid such replacement.
Warning:  Point 419079 is replaced by point 419150.
  Avoid creating a very short edge (len = 0) (< 4.01382e-06).
  You may try a smaller tolerance (-T) (current is 1e-08)
  or use the option -M0/1 to avoid such replacement.
Warning:  Point 417920 is replaced by point 417919.
  Avoid creating a very short edge (len = 0) (< 4.01382e-06).
  You may try a smaller tolerance (-T) (current is 1e-08)
  or use the option -M0/1 to avoid such replacement.
Warning:  Point 417918 is replaced by point 417919.
  Avoid creating a very short edge (len = 0) (< 4.01382e-06).
  You may try a smaller tolerance (-T) (current is 1e-08)
  or use the option -M0/1 to avoid such replacement.
Warning:  Point 418822 is replaced by point 418480.
  Avoid creating a very short edge (len = 0) (< 4.01382e-06).
  You may try a smaller tolerance (-T) (current is 1e-08)
  or use the option -M0/1 to avoid such replacement.
Warning:  Point 417830 is replaced by point 419165.
  Avoid creating a very short edge (len = 0) (< 4.01382e-06).
  You may try a smaller tolerance (-T) (current is 1e-08)
  or use the option -M0/1 to avoid such replacement.
Warning:  Point 268385 is replaced by point 419165.
  Avoid creating a very short edge (len = 0) (< 4.01382e-06).
  You may try a smaller tolerance (-T) (current is 1e-08)
  or use the option -M0/1 to avoid such replacement.
Warning:  Point 417831 is replaced by point 268386.
  Avoid creating a very short edge (len = 0) (< 4.01382e-06).
  You may try a smaller tolerance (-T) (current is 1e-08)
  or use the option -M0/1 to avoid such replacement.
Warning:  Point 419176 is replaced by point 419175.
  Avoid creating a very short edge (len = 0) (< 4.01382e-06).
  You may try a smaller tolerance (-T) (current is 1e-08)
  or use the option -M0/1 to avoid such replacement.
Warning:  Point 419159 is replaced by point 419177.
  Avoid creating a very short edge (len = 0) (< 4.01382e-06).
  You may try a smaller tolerance (-T) (current is 1e-08)
  or use the option -M0/1 to avoid such replacement.
Warning:  Point 419166 is replaced by point 419178.
  Avoid creating a very short edge (len = 0) (< 4.01382e-06).
  You may try a smaller tolerance (-T) (current is 1e-08)
  or use the option -M0/1 to avoid such replacement.
Warning:  Point 192487 is replaced by point 419178.
  Avoid creating a very short edge (len = 0) (< 4.01382e-06).
  You may try a smaller tolerance (-T) (current is 1e-08)
  or use the option -M0/1 to avoid such replacement.
Warning:  Point 294009 is replaced by point 192485.
  Avoid creating a very short edge (len = 0) (< 4.01382e-06).
  You may try a smaller tolerance (-T) (current is 1e-08)
  or use the option -M0/1 to avoid such replacement.
Warning:  Point 418831 is replaced by point 419141.
  Avoid creating a very short edge (len = 0) (< 4.01382e-06).
  You may try a smaller tolerance (-T) (current is 1e-08)
  or use the option -M0/1 to avoid such replacement.
Warning:  Point 418827 is replaced by point 418733.
  Avoid creating a very short edge (len = 0) (< 4.01382e-06).
  You may try a smaller tolerance (-T) (current is 1e-08)
  or use the option -M0/1 to avoid such replacement.
Warning:  Point 192500 is replaced by point 418733.
  Avoid creating a very short edge (len = 0) (< 4.01382e-06).
  You may try a smaller tolerance (-T) (current is 1e-08)
  or use the option -M0/1 to avoid such replacement.
Warning:  Point 192497 is replaced by point 192495.
  Avoid creating a very short edge (len = 0) (< 4.01382e-06).
  You may try a smaller tolerance (-T) (current is 1e-08)
  or use the option -M0/1 to avoid such replacement.
Warning:  Point 418517 is replaced by point 418819.
  Avoid creating a very short edge (len = 0) (< 4.01382e-06).
  You may try a smaller tolerance (-T) (current is 1e-08)
  or use the option -M0/1 to avoid such replacement.
Warning:  Point 418734 is replaced by point 418735.
  Avoid creating a very short edge (len = 0) (< 4.01382e-06).
  You may try a smaller tolerance (-T) (current is 1e-08)
  or use the option -M0/1 to avoid such replacement.
Warning:  Point 418834 is replaced by point 270738.
  Avoid creating a very short edge (len = 0) (< 4.01382e-06).
  You may try a smaller tolerance (-T) (current is 1e-08)
  or use the option -M0/1 to avoid such replacement.
Warning:  Point 268023 is replaced by point 391911.
  Avoid creating a very short edge (len = 0) (< 4.01382e-06).
  You may try a smaller tolerance (-T) (current is 1e-08)
  or use the option -M0/1 to avoid such replacement.
Warning:  Point 394919 is replaced by point 418835.
  Avoid creating a very short edge (len = 0) (< 4.01382e-06).
  You may try a smaller tolerance (-T) (current is 1e-08)
  or use the option -M0/1 to avoid such replacement.
Warning:  Point 418504 is replaced by point 418505.
  Avoid creating a very short edge (len = 0) (< 4.01382e-06).
  You may try a smaller tolerance (-T) (current is 1e-08)
  or use the option -M0/1 to avoid such replacement.
Warning:  Point 418879 is replaced by point 418505.
  Avoid creating a very short edge (len = 0) (< 4.01382e-06).
  You may try a smaller tolerance (-T) (current is 1e-08)
  or use the option -M0/1 to avoid such replacement.
Warning:  Point 418832 is replaced by point 391915.
  Avoid creating a very short edge (len = 0) (< 4.01382e-06).
  You may try a smaller tolerance (-T) (current is 1e-08)
  or use the option -M0/1 to avoid such replacement.
Warning:  Point 418474 is replaced by point 418471.
  Avoid creating a very short edge (len = 0) (< 4.01382e-06).
  You may try a smaller tolerance (-T) (current is 1e-08)
  or use the option -M0/1 to avoid such replacement.
Warning:  Point 418469 is replaced by point 418468.
  Avoid creating a very short edge (len = 0) (< 4.01382e-06).
  You may try a smaller tolerance (-T) (current is 1e-08)
  or use the option -M0/1 to avoid such replacement.
Warning:  Point 418848 is replaced by point 279403.
  Avoid creating a very short edge (len = 0) (< 4.01382e-06).
  You may try a smaller tolerance (-T) (current is 1e-08)
  or use the option -M0/1 to avoid such replacement.
Warning:  Point 279404 is replaced by point 279403.
  Avoid creating a very short edge (len = 0) (< 4.01382e-06).
  You may try a smaller tolerance (-T) (current is 1e-08)
  or use the option -M0/1 to avoid such replacement.
Warning:  Point 254781 is replaced by point 254780.
  Avoid creating a very short edge (len = 0) (< 4.01382e-06).
  You may try a smaller tolerance (-T) (current is 1e-08)
  or use the option -M0/1 to avoid such replacement.
Warning:  Point 254778 is replaced by point 254777.
  Avoid creating a very short edge (len = 0) (< 4.01382e-06).
  You may try a smaller tolerance (-T) (current is 1e-08)
  or use the option -M0/1 to avoid such replacement.
Warning:  Point 419043 is replaced by point 419044.
  Avoid creating a very short edge (len = 0) (< 4.01382e-06).
  You may try a smaller tolerance (-T) (current is 1e-08)
  or use the option -M0/1 to avoid such replacement.
Warning:  Point 419045 is replaced by point 419046.
  Avoid creating a very short edge (len = 0) (< 4.01382e-06).
  You may try a smaller tolerance (-T) (current is 1e-08)
  or use the option -M0/1 to avoid such replacement.
Warning:  Point 417986 is replaced by point 419046.
  Avoid creating a very short edge (len = 0) (< 4.01382e-06).
  You may try a smaller tolerance (-T) (current is 1e-08)
  or use the option -M0/1 to avoid such replacement.
Warning:  Point 178555 is replaced by point 178553.
  Avoid creating a very short edge (len = 0) (< 4.01382e-06).
  You may try a smaller tolerance (-T) (current is 1e-08)
  or use the option -M0/1 to avoid such replacement.
Warning:  Point 418903 is replaced by point 418523.
  Avoid creating a very short edge (len = 0) (< 4.01382e-06).
  You may try a smaller tolerance (-T) (current is 1e-08)
  or use the option -M0/1 to avoid such replacement.
Warning:  Point 392464 is replaced by point 392462.
  Avoid creating a very short edge (len = 0) (< 4.01382e-06).
  You may try a smaller tolerance (-T) (current is 1e-08)
  or use the option -M0/1 to avoid such replacement.
Warning:  Point 418540 is replaced by point 419036.
  Avoid creating a very short edge (len = 0) (< 4.01382e-06).
  You may try a smaller tolerance (-T) (current is 1e-08)
  or use the option -M0/1 to avoid such replacement.
Warning:  Point 419047 is replaced by point 419036.
  Avoid creating a very short edge (len = 0) (< 4.01382e-06).
  You may try a smaller tolerance (-T) (current is 1e-08)
  or use the option -M0/1 to avoid such replacement.
Warning:  Point 418551 is replaced by point 418543.
  Avoid creating a very short edge (len = 0) (< 4.01382e-06).
  You may try a smaller tolerance (-T) (current is 1e-08)
  or use the option -M0/1 to avoid such replacement.
Warning:  Point 418324 is replaced by point 418550.
  Avoid creating a very short edge (len = 0) (< 4.01382e-06).
  You may try a smaller tolerance (-T) (current is 1e-08)
  or use the option -M0/1 to avoid such replacement.
Warning:  Point 392896 is replaced by point 418398.
  Avoid creating a very short edge (len = 0) (< 4.01382e-06).
  You may try a smaller tolerance (-T) (current is 1e-08)
  or use the option -M0/1 to avoid such replacement.
Warning:  Point 418898 is replaced by point 418885.
  Avoid creating a very short edge (len = 0) (< 4.01382e-06).
  You may try a smaller tolerance (-T) (current is 1e-08)
  or use the option -M0/1 to avoid such replacement.
Warning:  Point 192448 is replaced by point 192449.
  Avoid creating a very short edge (len = 0) (< 4.01382e-06).
  You may try a smaller tolerance (-T) (current is 1e-08)
  or use the option -M0/1 to avoid such replacement.
Warning:  Point 418900 is replaced by point 418896.
  Avoid creating a very short edge (len = 0) (< 4.01382e-06).
  You may try a smaller tolerance (-T) (current is 1e-08)
  or use the option -M0/1 to avoid such replacement.
Warning:  Point 192447 is replaced by point 192449.
  Avoid creating a very short edge (len = 0) (< 4.01382e-06).
  You may try a smaller tolerance (-T) (current is 1e-08)
  or use the option -M0/1 to avoid such replacement.
Warning:  Point 419033 is replaced by point 419032.
  Avoid creating a very short edge (len = 0) (< 4.01382e-06).
  You may try a smaller tolerance (-T) (current is 1e-08)
  or use the option -M0/1 to avoid such replacement.
Warning:  Point 417950 is replaced by point 417951.
  Avoid creating a very short edge (len = 0) (< 4.01382e-06).
  You may try a smaller tolerance (-T) (current is 1e-08)
  or use the option -M0/1 to avoid such replacement.
Warning:  Point 417952 is replaced by point 418723.
  Avoid creating a very short edge (len = 0) (< 4.01382e-06).
  You may try a smaller tolerance (-T) (current is 1e-08)
  or use the option -M0/1 to avoid such replacement.
Warning:  Point 417949 is replaced by point 418723.
  Avoid creating a very short edge (len = 0) (< 4.01382e-06).
  You may try a smaller tolerance (-T) (current is 1e-08)
  or use the option -M0/1 to avoid such replacement.
Warning:  Point 419291 is replaced by point 419282.
  Avoid creating a very short edge (len = 0) (< 4.01382e-06).
  You may try a smaller tolerance (-T) (current is 1e-08)
  or use the option -M0/1 to avoid such replacement.
Warning:  Point 418542 is replaced by point 418541.
  Avoid creating a very short edge (len = 0) (< 4.01382e-06).
  You may try a smaller tolerance (-T) (current is 1e-08)
  or use the option -M0/1 to avoid such replacement.
Warning:  Point 419253 is replaced by point 419127.
  Avoid creating a very short edge (len = 0) (< 4.01382e-06).
  You may try a smaller tolerance (-T) (current is 1e-08)
  or use the option -M0/1 to avoid such replacement.
Warning:  Point 419126 is replaced by point 419127.
  Avoid creating a very short edge (len = 0) (< 4.01382e-06).
  You may try a smaller tolerance (-T) (current is 1e-08)
  or use the option -M0/1 to avoid such replacement.
Warning:  Point 419117 is replaced by point 419134.
  Avoid creating a very short edge (len = 0) (< 4.01382e-06).
  You may try a smaller tolerance (-T) (current is 1e-08)
  or use the option -M0/1 to avoid such replacement.
Warning:  Point 419188 is replaced by point 419187.
  Avoid creating a very short edge (len = 0) (< 4.01382e-06).
  You may try a smaller tolerance (-T) (current is 1e-08)
  or use the option -M0/1 to avoid such replacement.
Warning:  Point 419193 is replaced by point 419194.
  Avoid creating a very short edge (len = 0) (< 4.01382e-06).
  You may try a smaller tolerance (-T) (current is 1e-08)
  or use the option -M0/1 to avoid such replacement.
Warning:  Point 419200 is replaced by point 419194.
  Avoid creating a very short edge (len = 0) (< 4.01382e-06).
  You may try a smaller tolerance (-T) (current is 1e-08)
  or use the option -M0/1 to avoid such replacement.
Warning:  Point 268339 is replaced by point 268338.
  Avoid creating a very short edge (len = 0) (< 4.01382e-06).
  You may try a smaller tolerance (-T) (current is 1e-08)
  or use the option -M0/1 to avoid such replacement.
Warning:  Point 268337 is replaced by point 268338.
  Avoid creating a very short edge (len = 0) (< 4.01382e-06).
  You may try a smaller tolerance (-T) (current is 1e-08)
  or use the option -M0/1 to avoid such replacement.
Warning:  Point 419236 is replaced by point 419297.
  Avoid creating a very short edge (len = 0) (< 4.01382e-06).
  You may try a smaller tolerance (-T) (current is 1e-08)
  or use the option -M0/1 to avoid such replacement.
Warning:  Point 419356 is replaced by point 420122.
  Avoid creating a very short edge (len = 0) (< 4.01382e-06).
  You may try a smaller tolerance (-T) (current is 1e-08)
  or use the option -M0/1 to avoid such replacement.
Warning:  Point 419357 is replaced by point 420122.
  Avoid creating a very short edge (len = 0) (< 4.01382e-06).
  You may try a smaller tolerance (-T) (current is 1e-08)
  or use the option -M0/1 to avoid such replacement.
Warning:  Point 349293 is replaced by point 349292.
  Avoid creating a very short edge (len = 0) (< 4.01382e-06).
  You may try a smaller tolerance (-T) (current is 1e-08)
  or use the option -M0/1 to avoid such replacement.
Warning:  Point 349291 is replaced by point 349292.
  Avoid creating a very short edge (len = 0) (< 4.01382e-06).
  You may try a smaller tolerance (-T) (current is 1e-08)
  or use the option -M0/1 to avoid such replacement.
Warning:  Point 349214 is replaced by point 349215.
  Avoid creating a very short edge (len = 0) (< 4.01382e-06).
  You may try a smaller tolerance (-T) (current is 1e-08)
  or use the option -M0/1 to avoid such replacement.
Warning:  Point 420197 is replaced by point 349215.
  Avoid creating a very short edge (len = 0) (< 4.01382e-06).
  You may try a smaller tolerance (-T) (current is 1e-08)
  or use the option -M0/1 to avoid such replacement.
Warning:  Point 269070 is replaced by point 349215.
  Avoid creating a very short edge (len = 0) (< 4.01382e-06).
  You may try a smaller tolerance (-T) (current is 1e-08)
  or use the option -M0/1 to avoid such replacement.
Warning:  Point 192581 is replaced by point 192583.
  Avoid creating a very short edge (len = 0) (< 4.01382e-06).
  You may try a smaller tolerance (-T) (current is 1e-08)
  or use the option -M0/1 to avoid such replacement.
Warning:  Point 420206 is replaced by point 420200.
  Avoid creating a very short edge (len = 0) (< 4.01382e-06).
  You may try a smaller tolerance (-T) (current is 1e-08)
  or use the option -M0/1 to avoid such replacement.
Warning:  Point 192582 is replaced by point 192583.
  Avoid creating a very short edge (len = 0) (< 4.01382e-06).
  You may try a smaller tolerance (-T) (current is 1e-08)
  or use the option -M0/1 to avoid such replacement.
Warning:  Point 349240 is replaced by point 420185.
  Avoid creating a very short edge (len = 0) (< 4.01382e-06).
  You may try a smaller tolerance (-T) (current is 1e-08)
  or use the option -M0/1 to avoid such replacement.
Warning:  Point 226741 is replaced by point 349700.
  Avoid creating a very short edge (len = 0) (< 4.01382e-06).
  You may try a smaller tolerance (-T) (current is 1e-08)
  or use the option -M0/1 to avoid such replacement.
Warning:  Point 226742 is replaced by point 349700.
  Avoid creating a very short edge (len = 0) (< 4.01382e-06).
  You may try a smaller tolerance (-T) (current is 1e-08)
  or use the option -M0/1 to avoid such replacement.
Warning:  Point 416072 is replaced by point 226740.
  Avoid creating a very short edge (len = 0) (< 4.01382e-06).
  You may try a smaller tolerance (-T) (current is 1e-08)
  or use the option -M0/1 to avoid such replacement.
Warning:  Point 226743 is replaced by point 226740.
  Avoid creating a very short edge (len = 0) (< 4.01382e-06).
  You may try a smaller tolerance (-T) (current is 1e-08)
  or use the option -M0/1 to avoid such replacement.
Warning:  Point 349242 is replaced by point 420181.
  Avoid creating a very short edge (len = 0) (< 4.01382e-06).
  You may try a smaller tolerance (-T) (current is 1e-08)
  or use the option -M0/1 to avoid such replacement.
Warning:  Point 266655 is replaced by point 415952.
  Avoid creating a very short edge (len = 0) (< 4.01382e-06).
  You may try a smaller tolerance (-T) (current is 1e-08)
  or use the option -M0/1 to avoid such replacement.
Warning:  Point 269108 is replaced by point 415952.
  Avoid creating a very short edge (len = 0) (< 4.01382e-06).
  You may try a smaller tolerance (-T) (current is 1e-08)
  or use the option -M0/1 to avoid such replacement.
Warning:  Point 185647 is replaced by point 415952.
  Avoid creating a very short edge (len = 0) (< 4.01382e-06).
  You may try a smaller tolerance (-T) (current is 1e-08)
  or use the option -M0/1 to avoid such replacement.
Warning:  Point 269106 is replaced by point 420188.
  Avoid creating a very short edge (len = 0) (< 4.01382e-06).
  You may try a smaller tolerance (-T) (current is 1e-08)
  or use the option -M0/1 to avoid such replacement.
Warning:  Point 226347 is replaced by point 420188.
  Avoid creating a very short edge (len = 0) (< 4.01382e-06).
  You may try a smaller tolerance (-T) (current is 1e-08)
  or use the option -M0/1 to avoid such replacement.
Warning:  Point 226558 is replaced by point 185648.
  Avoid creating a very short edge (len = 0) (< 4.01382e-06).
  You may try a smaller tolerance (-T) (current is 1e-08)
  or use the option -M0/1 to avoid such replacement.
Warning:  Point 226559 is replaced by point 185648.
  Avoid creating a very short edge (len = 0) (< 4.01382e-06).
  You may try a smaller tolerance (-T) (current is 1e-08)
  or use the option -M0/1 to avoid such replacement.
Warning:  Point 269235 is replaced by point 269107.
  Avoid creating a very short edge (len = 0) (< 4.01382e-06).
  You may try a smaller tolerance (-T) (current is 1e-08)
  or use the option -M0/1 to avoid such replacement.
Warning:  Point 269109 is replaced by point 269107.
  Avoid creating a very short edge (len = 0) (< 4.01382e-06).
  You may try a smaller tolerance (-T) (current is 1e-08)
  or use the option -M0/1 to avoid such replacement.
Warning:  Point 416006 is replaced by point 420187.
  Avoid creating a very short edge (len = 0) (< 4.01382e-06).
  You may try a smaller tolerance (-T) (current is 1e-08)
  or use the option -M0/1 to avoid such replacement.
Warning:  Point 416066 is replaced by point 416067.
  Avoid creating a very short edge (len = 0) (< 4.01382e-06).
  You may try a smaller tolerance (-T) (current is 1e-08)
  or use the option -M0/1 to avoid such replacement.
Warning:  Point 420139 is replaced by point 420140.
  Avoid creating a very short edge (len = 0) (< 4.01382e-06).
  You may try a smaller tolerance (-T) (current is 1e-08)
  or use the option -M0/1 to avoid such replacement.
Warning:  Point 419770 is replaced by point 420140.
  Avoid creating a very short edge (len = 0) (< 4.01382e-06).
  You may try a smaller tolerance (-T) (current is 1e-08)
  or use the option -M0/1 to avoid such replacement.
Warning:  Point 268466 is replaced by point 268468.
  Avoid creating a very short edge (len = 0) (< 4.01382e-06).
  You may try a smaller tolerance (-T) (current is 1e-08)
  or use the option -M0/1 to avoid such replacement.
Warning:  Point 226561 is replaced by point 416054.
  Avoid creating a very short edge (len = 0) (< 4.01382e-06).
  You may try a smaller tolerance (-T) (current is 1e-08)
  or use the option -M0/1 to avoid such replacement.
Warning:  Point 420134 is replaced by point 416054.
  Avoid creating a very short edge (len = 0) (< 4.01382e-06).
  You may try a smaller tolerance (-T) (current is 1e-08)
  or use the option -M0/1 to avoid such replacement.
Warning:  Point 269181 is replaced by point 269179.
  Avoid creating a very short edge (len = 0) (< 4.01382e-06).
  You may try a smaller tolerance (-T) (current is 1e-08)
  or use the option -M0/1 to avoid such replacement.
Warning:  Point 267156 is replaced by point 349206.
  Avoid creating a very short edge (len = 0) (< 4.01382e-06).
  You may try a smaller tolerance (-T) (current is 1e-08)
  or use the option -M0/1 to avoid such replacement.
Warning:  Point 267158 is replaced by point 420172.
  Avoid creating a very short edge (len = 0) (< 4.01382e-06).
  You may try a smaller tolerance (-T) (current is 1e-08)
  or use the option -M0/1 to avoid such replacement.
Warning:  Point 348809 is replaced by point 348810.
  Avoid creating a very short edge (len = 0) (< 4.01382e-06).
  You may try a smaller tolerance (-T) (current is 1e-08)
  or use the option -M0/1 to avoid such replacement.
Warning:  Point 420291 is replaced by point 420292.
  Avoid creating a very short edge (len = 0) (< 4.01382e-06).
  You may try a smaller tolerance (-T) (current is 1e-08)
  or use the option -M0/1 to avoid such replacement.
Warning:  Point 349269 is replaced by point 349267.
  Avoid creating a very short edge (len = 0) (< 4.01382e-06).
  You may try a smaller tolerance (-T) (current is 1e-08)
  or use the option -M0/1 to avoid such replacement.
Warning:  Point 349194 is replaced by point 420208.
  Avoid creating a very short edge (len = 0) (< 4.01382e-06).
  You may try a smaller tolerance (-T) (current is 1e-08)
  or use the option -M0/1 to avoid such replacement.
Warning:  Point 269126 is replaced by point 269128.
  Avoid creating a very short edge (len = 0) (< 4.01382e-06).
  You may try a smaller tolerance (-T) (current is 1e-08)
  or use the option -M0/1 to avoid such replacement.
Warning:  Point 185469 is replaced by point 185470.
  Avoid creating a very short edge (len = 0) (< 4.01382e-06).
  You may try a smaller tolerance (-T) (current is 1e-08)
  or use the option -M0/1 to avoid such replacement.
Warning:  Point 349193 is replaced by point 420209.
  Avoid creating a very short edge (len = 0) (< 4.01382e-06).
  You may try a smaller tolerance (-T) (current is 1e-08)
  or use the option -M0/1 to avoid such replacement.
Warning:  Point 349192 is replaced by point 420209.
  Avoid creating a very short edge (len = 0) (< 4.01382e-06).
  You may try a smaller tolerance (-T) (current is 1e-08)
  or use the option -M0/1 to avoid such replacement.
Warning:  Point 269131 is replaced by point 420193.
  Avoid creating a very short edge (len = 0) (< 4.01382e-06).
  You may try a smaller tolerance (-T) (current is 1e-08)
  or use the option -M0/1 to avoid such replacement.
Warning:  Point 420194 is replaced by point 420193.
  Avoid creating a very short edge (len = 0) (< 4.01382e-06).
  You may try a smaller tolerance (-T) (current is 1e-08)
  or use the option -M0/1 to avoid such replacement.
Warning:  Point 428009 is replaced by point 427951.
  Avoid creating a very short edge (len = 0) (< 4.01382e-06).
  You may try a smaller tolerance (-T) (current is 1e-08)
  or use the option -M0/1 to avoid such replacement.
Warning:  Point 425261 is replaced by point 425260.
  Avoid creating a very short edge (len = 0) (< 4.01382e-06).
  You may try a smaller tolerance (-T) (current is 1e-08)
  or use the option -M0/1 to avoid such replacement.
Warning:  Point 425141 is replaced by point 425158.
  Avoid creating a very short edge (len = 0) (< 4.01382e-06).
  You may try a smaller tolerance (-T) (current is 1e-08)
  or use the option -M0/1 to avoid such replacement.
Warning:  Point 425265 is replaced by point 425157.
  Avoid creating a very short edge (len = 0) (< 4.01382e-06).
  You may try a smaller tolerance (-T) (current is 1e-08)
  or use the option -M0/1 to avoid such replacement.
Warning:  Point 425162 is replaced by point 425157.
  Avoid creating a very short edge (len = 0) (< 4.01382e-06).
  You may try a smaller tolerance (-T) (current is 1e-08)
  or use the option -M0/1 to avoid such replacement.
Warning:  Point 272287 is replaced by point 425306.
  Avoid creating a very short edge (len = 0) (< 4.01382e-06).
  You may try a smaller tolerance (-T) (current is 1e-08)
  or use the option -M0/1 to avoid such replacement.
Warning:  Point 425307 is replaced by point 425306.
  Avoid creating a very short edge (len = 0) (< 4.01382e-06).
  You may try a smaller tolerance (-T) (current is 1e-08)
  or use the option -M0/1 to avoid such replacement.
Warning:  Point 425149 is replaced by point 425150.
  Avoid creating a very short edge (len = 0) (< 4.01382e-06).
  You may try a smaller tolerance (-T) (current is 1e-08)
  or use the option -M0/1 to avoid such replacement.
Warning:  Point 425164 is replaced by point 425163.
  Avoid creating a very short edge (len = 0) (< 4.01382e-06).
  You may try a smaller tolerance (-T) (current is 1e-08)
  or use the option -M0/1 to avoid such replacement.
Warning:  Point 272352 is replaced by point 272354.
  Avoid creating a very short edge (len = 0) (< 4.01382e-06).
  You may try a smaller tolerance (-T) (current is 1e-08)
  or use the option -M0/1 to avoid such replacement.
Warning:  Point 273204 is replaced by point 425296.
  Avoid creating a very short edge (len = 0) (< 4.01382e-06).
  You may try a smaller tolerance (-T) (current is 1e-08)
  or use the option -M0/1 to avoid such replacement.
Warning:  Point 196384 is replaced by point 425300.
  Avoid creating a very short edge (len = 0) (< 4.01382e-06).
  You may try a smaller tolerance (-T) (current is 1e-08)
  or use the option -M0/1 to avoid such replacement.
Warning:  Point 272468 is replaced by point 272470.
  Avoid creating a very short edge (len = 0) (< 4.01382e-06).
  You may try a smaller tolerance (-T) (current is 1e-08)
  or use the option -M0/1 to avoid such replacement.
Warning:  Point 272469 is replaced by point 272470.
  Avoid creating a very short edge (len = 0) (< 4.01382e-06).
  You may try a smaller tolerance (-T) (current is 1e-08)
  or use the option -M0/1 to avoid such replacement.
Warning:  Point 272240 is replaced by point 425145.
  Avoid creating a very short edge (len = 0) (< 4.01382e-06).
  You may try a smaller tolerance (-T) (current is 1e-08)
  or use the option -M0/1 to avoid such replacement.
Warning:  Point 272344 is replaced by point 272343.
  Avoid creating a very short edge (len = 0) (< 4.01382e-06).
  You may try a smaller tolerance (-T) (current is 1e-08)
  or use the option -M0/1 to avoid such replacement.
Warning:  Point 425499 is replaced by point 425334.
  Avoid creating a very short edge (len = 0) (< 4.01382e-06).
  You may try a smaller tolerance (-T) (current is 1e-08)
  or use the option -M0/1 to avoid such replacement.
Warning:  Point 272342 is replaced by point 272343.
  Avoid creating a very short edge (len = 0) (< 4.01382e-06).
  You may try a smaller tolerance (-T) (current is 1e-08)
  or use the option -M0/1 to avoid such replacement.
Warning:  Point 271916 is replaced by point 271917.
  Avoid creating a very short edge (len = 0) (< 4.01382e-06).
  You may try a smaller tolerance (-T) (current is 1e-08)
  or use the option -M0/1 to avoid such replacement.
Warning:  Point 271915 is replaced by point 271917.
  Avoid creating a very short edge (len = 0) (< 4.01382e-06).
  You may try a smaller tolerance (-T) (current is 1e-08)
  or use the option -M0/1 to avoid such replacement.
Warning:  Point 271913 is replaced by point 271914.
  Avoid creating a very short edge (len = 0) (< 4.01382e-06).
  You may try a smaller tolerance (-T) (current is 1e-08)
  or use the option -M0/1 to avoid such replacement.
Warning:  Point 272680 is replaced by point 272210.
  Avoid creating a very short edge (len = 0) (< 4.01382e-06).
  You may try a smaller tolerance (-T) (current is 1e-08)
  or use the option -M0/1 to avoid such replacement.
Warning:  Point 272679 is replaced by point 272210.
  Avoid creating a very short edge (len = 0) (< 4.01382e-06).
  You may try a smaller tolerance (-T) (current is 1e-08)
  or use the option -M0/1 to avoid such replacement.
Warning:  Point 425283 is replaced by point 425284.
  Avoid creating a very short edge (len = 0) (< 4.01382e-06).
  You may try a smaller tolerance (-T) (current is 1e-08)
  or use the option -M0/1 to avoid such replacement.
Warning:  Point 425496 is replaced by point 425284.
  Avoid creating a very short edge (len = 0) (< 4.01382e-06).
  You may try a smaller tolerance (-T) (current is 1e-08)
  or use the option -M0/1 to avoid such replacement.
Warning:  Point 427938 is replaced by point 425515.
  Avoid creating a very short edge (len = 0) (< 4.01382e-06).
  You may try a smaller tolerance (-T) (current is 1e-08)
  or use the option -M0/1 to avoid such replacement.
Warning:  Point 427942 is replaced by point 427923.
  Avoid creating a very short edge (len = 0) (< 4.01382e-06).
  You may try a smaller tolerance (-T) (current is 1e-08)
  or use the option -M0/1 to avoid such replacement.
Warning:  Point 272999 is replaced by point 273000.
  Avoid creating a very short edge (len = 0) (< 4.01382e-06).
  You may try a smaller tolerance (-T) (current is 1e-08)
  or use the option -M0/1 to avoid such replacement.
Warning:  Point 273001 is replaced by point 273000.
  Avoid creating a very short edge (len = 0) (< 4.01382e-06).
  You may try a smaller tolerance (-T) (current is 1e-08)
  or use the option -M0/1 to avoid such replacement.
Warning:  Point 426145 is replaced by point 426144.
  Avoid creating a very short edge (len = 0) (< 4.01382e-06).
  You may try a smaller tolerance (-T) (current is 1e-08)
  or use the option -M0/1 to avoid such replacement.
Warning:  Point 426143 is replaced by point 426144.
  Avoid creating a very short edge (len = 0) (< 4.01382e-06).
  You may try a smaller tolerance (-T) (current is 1e-08)
  or use the option -M0/1 to avoid such replacement.
Warning:  Point 426128 is replaced by point 426127.
  Avoid creating a very short edge (len = 0) (< 4.01382e-06).
  You may try a smaller tolerance (-T) (current is 1e-08)
  or use the option -M0/1 to avoid such replacement.
Warning:  Point 427940 is replaced by point 427961.
  Avoid creating a very short edge (len = 0) (< 4.01382e-06).
  You may try a smaller tolerance (-T) (current is 1e-08)
  or use the option -M0/1 to avoid such replacement.
Warning:  Point 427944 is replaced by point 427950.
  Avoid creating a very short edge (len = 0) (< 4.01382e-06).
  You may try a smaller tolerance (-T) (current is 1e-08)
  or use the option -M0/1 to avoid such replacement.
Warning:  Point 427958 is replaced by point 427961.
  Avoid creating a very short edge (len = 0) (< 4.01382e-06).
  You may try a smaller tolerance (-T) (current is 1e-08)
  or use the option -M0/1 to avoid such replacement.
Warning:  Point 427949 is replaced by point 427950.
  Avoid creating a very short edge (len = 0) (< 4.01382e-06).
  You may try a smaller tolerance (-T) (current is 1e-08)
  or use the option -M0/1 to avoid such replacement.
Warning:  Point 273518 is replaced by point 428006.
  Avoid creating a very short edge (len = 0) (< 4.01382e-06).
  You may try a smaller tolerance (-T) (current is 1e-08)
  or use the option -M0/1 to avoid such replacement.
Warning:  Point 273517 is replaced by point 428006.
  Avoid creating a very short edge (len = 0) (< 4.01382e-06).
  You may try a smaller tolerance (-T) (current is 1e-08)
  or use the option -M0/1 to avoid such replacement.
Warning:  Point 388542 is replaced by point 388541.
  Avoid creating a very short edge (len = 0) (< 4.01382e-06).
  You may try a smaller tolerance (-T) (current is 1e-08)
  or use the option -M0/1 to avoid such replacement.
Warning:  Point 439768 is replaced by point 438986.
  Avoid creating a very short edge (len = 0) (< 4.01382e-06).
  You may try a smaller tolerance (-T) (current is 1e-08)
  or use the option -M0/1 to avoid such replacement.
Warning:  Point 439891 is replaced by point 439832.
  Avoid creating a very short edge (len = 0) (< 4.01382e-06).
  You may try a smaller tolerance (-T) (current is 1e-08)
  or use the option -M0/1 to avoid such replacement.
Warning:  Point 439778 is replaced by point 439818.
  Avoid creating a very short edge (len = 0) (< 4.01382e-06).
  You may try a smaller tolerance (-T) (current is 1e-08)
  or use the option -M0/1 to avoid such replacement.
Warning:  Point 439780 is replaced by point 439774.
  Avoid creating a very short edge (len = 0) (< 4.01382e-06).
  You may try a smaller tolerance (-T) (current is 1e-08)
  or use the option -M0/1 to avoid such replacement.
Warning:  Point 439671 is replaced by point 439669.
  Avoid creating a very short edge (len = 0) (< 4.01382e-06).
  You may try a smaller tolerance (-T) (current is 1e-08)
  or use the option -M0/1 to avoid such replacement.
Warning:  Point 439885 is replaced by point 320170.
  Avoid creating a very short edge (len = 0) (< 4.01382e-06).
  You may try a smaller tolerance (-T) (current is 1e-08)
  or use the option -M0/1 to avoid such replacement.
Warning:  Point 439776 is replaced by point 439764.
  Avoid creating a very short edge (len = 0) (< 4.01382e-06).
  You may try a smaller tolerance (-T) (current is 1e-08)
  or use the option -M0/1 to avoid such replacement.
Warning:  Point 439771 is replaced by point 439764.
  Avoid creating a very short edge (len = 0) (< 4.01382e-06).
  You may try a smaller tolerance (-T) (current is 1e-08)
  or use the option -M0/1 to avoid such replacement.
Warning:  Point 189481 is replaced by point 189482.
  Avoid creating a very short edge (len = 0) (< 4.01382e-06).
  You may try a smaller tolerance (-T) (current is 1e-08)
  or use the option -M0/1 to avoid such replacement.
Warning:  Point 439887 is replaced by point 439886.
  Avoid creating a very short edge (len = 0) (< 4.01382e-06).
  You may try a smaller tolerance (-T) (current is 1e-08)
  or use the option -M0/1 to avoid such replacement.
Warning:  Point 211622 is replaced by point 211623.
  Avoid creating a very short edge (len = 0) (< 4.01382e-06).
  You may try a smaller tolerance (-T) (current is 1e-08)
  or use the option -M0/1 to avoid such replacement.
Warning:  Point 439873 is replaced by point 439880.
  Avoid creating a very short edge (len = 0) (< 4.01382e-06).
  You may try a smaller tolerance (-T) (current is 1e-08)
  or use the option -M0/1 to avoid such replacement.
Warning:  Point 439869 is replaced by point 439852.
  Avoid creating a very short edge (len = 0) (< 4.01382e-06).
  You may try a smaller tolerance (-T) (current is 1e-08)
  or use the option -M0/1 to avoid such replacement.
Warning:  Point 439644 is replaced by point 439852.
  Avoid creating a very short edge (len = 0) (< 4.01382e-06).
  You may try a smaller tolerance (-T) (current is 1e-08)
  or use the option -M0/1 to avoid such replacement.
Warning:  Point 439882 is replaced by point 439901.
  Avoid creating a very short edge (len = 0) (< 4.01382e-06).
  You may try a smaller tolerance (-T) (current is 1e-08)
  or use the option -M0/1 to avoid such replacement.
Warning:  Point 439908 is replaced by point 439902.
  Avoid creating a very short edge (len = 0) (< 4.01382e-06).
  You may try a smaller tolerance (-T) (current is 1e-08)
  or use the option -M0/1 to avoid such replacement.
Warning:  Point 439842 is replaced by point 439841.
  Avoid creating a very short edge (len = 0) (< 4.01382e-06).
  You may try a smaller tolerance (-T) (current is 1e-08)
  or use the option -M0/1 to avoid such replacement.
Warning:  Point 439875 is replaced by point 439896.
  Avoid creating a very short edge (len = 0) (< 4.01382e-06).
  You may try a smaller tolerance (-T) (current is 1e-08)
  or use the option -M0/1 to avoid such replacement.
Warning:  Point 439893 is replaced by point 439896.
  Avoid creating a very short edge (len = 0) (< 4.01382e-06).
  You may try a smaller tolerance (-T) (current is 1e-08)
  or use the option -M0/1 to avoid such replacement.
Warning:  Point 439831 is replaced by point 439896.
  Avoid creating a very short edge (len = 0) (< 4.01382e-06).
  You may try a smaller tolerance (-T) (current is 1e-08)
  or use the option -M0/1 to avoid such replacement.
Warning:  Point 438777 is replaced by point 438778.
  Avoid creating a very short edge (len = 0) (< 4.01382e-06).
  You may try a smaller tolerance (-T) (current is 1e-08)
  or use the option -M0/1 to avoid such replacement.
Warning:  Point 438776 is replaced by point 438778.
  Avoid creating a very short edge (len = 0) (< 4.01382e-06).
  You may try a smaller tolerance (-T) (current is 1e-08)
  or use the option -M0/1 to avoid such replacement.
Warning:  Point 279494 is replaced by point 439299.
  Avoid creating a very short edge (len = 0) (< 4.01382e-06).
  You may try a smaller tolerance (-T) (current is 1e-08)
  or use the option -M0/1 to avoid such replacement.
Warning:  Point 439300 is replaced by point 280748.
  Avoid creating a very short edge (len = 0) (< 4.01382e-06).
  You may try a smaller tolerance (-T) (current is 1e-08)
  or use the option -M0/1 to avoid such replacement.
Warning:  Point 211559 is replaced by point 211558.
  Avoid creating a very short edge (len = 0) (< 4.01382e-06).
  You may try a smaller tolerance (-T) (current is 1e-08)
  or use the option -M0/1 to avoid such replacement.
Warning:  Point 280749 is replaced by point 280748.
  Avoid creating a very short edge (len = 0) (< 4.01382e-06).
  You may try a smaller tolerance (-T) (current is 1e-08)
  or use the option -M0/1 to avoid such replacement.
Warning:  Point 439909 is replaced by point 439906.
  Avoid creating a very short edge (len = 0) (< 4.01382e-06).
  You may try a smaller tolerance (-T) (current is 1e-08)
  or use the option -M0/1 to avoid such replacement.
Warning:  Point 439913 is replaced by point 439895.
  Avoid creating a very short edge (len = 0) (< 4.01382e-06).
  You may try a smaller tolerance (-T) (current is 1e-08)
  or use the option -M0/1 to avoid such replacement.
Warning:  Point 279495 is replaced by point 439895.
  Avoid creating a very short edge (len = 0) (< 4.01382e-06).
  You may try a smaller tolerance (-T) (current is 1e-08)
  or use the option -M0/1 to avoid such replacement.
Warning:  Point 439667 is replaced by point 439735.
  Avoid creating a very short edge (len = 0) (< 4.01382e-06).
  You may try a smaller tolerance (-T) (current is 1e-08)
  or use the option -M0/1 to avoid such replacement.
Warning:  Point 438557 is replaced by point 439735.
  Avoid creating a very short edge (len = 0) (< 4.01382e-06).
  You may try a smaller tolerance (-T) (current is 1e-08)
  or use the option -M0/1 to avoid such replacement.
Warning:  Point 280328 is replaced by point 438750.
  Avoid creating a very short edge (len = 0) (< 4.01382e-06).
  You may try a smaller tolerance (-T) (current is 1e-08)
  or use the option -M0/1 to avoid such replacement.
Warning:  Point 444360 is replaced by point 444154.
  Avoid creating a very short edge (len = 0) (< 4.01382e-06).
  You may try a smaller tolerance (-T) (current is 1e-08)
  or use the option -M0/1 to avoid such replacement.
Warning:  Point 444146 is replaced by point 444147.
  Avoid creating a very short edge (len = 0) (< 4.01382e-06).
  You may try a smaller tolerance (-T) (current is 1e-08)
  or use the option -M0/1 to avoid such replacement.
Warning:  Point 283073 is replaced by point 298828.
  Avoid creating a very short edge (len = 0) (< 4.01382e-06).
  You may try a smaller tolerance (-T) (current is 1e-08)
  or use the option -M0/1 to avoid such replacement.
Warning:  Point 283420 is replaced by point 283421.
  Avoid creating a very short edge (len = 0) (< 4.01382e-06).
  You may try a smaller tolerance (-T) (current is 1e-08)
  or use the option -M0/1 to avoid such replacement.
Warning:  Point 444983 is replaced by point 206086.
  Avoid creating a very short edge (len = 0) (< 4.01382e-06).
  You may try a smaller tolerance (-T) (current is 1e-08)
  or use the option -M0/1 to avoid such replacement.
Warning:  Point 206085 is replaced by point 206086.
  Avoid creating a very short edge (len = 0) (< 4.01382e-06).
  You may try a smaller tolerance (-T) (current is 1e-08)
  or use the option -M0/1 to avoid such replacement.
Warning:  Point 206087 is replaced by point 206086.
  Avoid creating a very short edge (len = 0) (< 4.01382e-06).
  You may try a smaller tolerance (-T) (current is 1e-08)
  or use the option -M0/1 to avoid such replacement.
Warning:  Point 206013 is replaced by point 206011.
  Avoid creating a very short edge (len = 0) (< 4.01382e-06).
  You may try a smaller tolerance (-T) (current is 1e-08)
  or use the option -M0/1 to avoid such replacement.
Warning:  Point 455706 is replaced by point 283462.
  Avoid creating a very short edge (len = 0) (< 4.01382e-06).
  You may try a smaller tolerance (-T) (current is 1e-08)
  or use the option -M0/1 to avoid such replacement.
Warning:  Point 455709 is replaced by point 283462.
  Avoid creating a very short edge (len = 0) (< 4.01382e-06).
  You may try a smaller tolerance (-T) (current is 1e-08)
  or use the option -M0/1 to avoid such replacement.
Warning:  Point 445193 is replaced by point 445173.
  Avoid creating a very short edge (len = 0) (< 4.01382e-06).
  You may try a smaller tolerance (-T) (current is 1e-08)
  or use the option -M0/1 to avoid such replacement.
Warning:  Point 445928 is replaced by point 445927.
  Avoid creating a very short edge (len = 0) (< 4.01382e-06).
  You may try a smaller tolerance (-T) (current is 1e-08)
  or use the option -M0/1 to avoid such replacement.
Warning:  Point 444314 is replaced by point 443845.
  Avoid creating a very short edge (len = 0) (< 4.01382e-06).
  You may try a smaller tolerance (-T) (current is 1e-08)
  or use the option -M0/1 to avoid such replacement.
Warning:  Point 443848 is replaced by point 443845.
  Avoid creating a very short edge (len = 0) (< 4.01382e-06).
  You may try a smaller tolerance (-T) (current is 1e-08)
  or use the option -M0/1 to avoid such replacement.
Warning:  Point 445924 is replaced by point 445923.
  Avoid creating a very short edge (len = 0) (< 4.01382e-06).
  You may try a smaller tolerance (-T) (current is 1e-08)
  or use the option -M0/1 to avoid such replacement.
Warning:  Point 445916 is replaced by point 445923.
  Avoid creating a very short edge (len = 0) (< 4.01382e-06).
  You may try a smaller tolerance (-T) (current is 1e-08)
  or use the option -M0/1 to avoid such replacement.
Warning:  Point 284023 is replaced by point 284026.
  Avoid creating a very short edge (len = 0) (< 4.01382e-06).
  You may try a smaller tolerance (-T) (current is 1e-08)
  or use the option -M0/1 to avoid such replacement.
Warning:  Point 445956 is replaced by point 445955.
  Avoid creating a very short edge (len = 0) (< 4.01382e-06).
  You may try a smaller tolerance (-T) (current is 1e-08)
  or use the option -M0/1 to avoid such replacement.
Warning:  Point 442498 is replaced by point 445955.
  Avoid creating a very short edge (len = 0) (< 4.01382e-06).
  You may try a smaller tolerance (-T) (current is 1e-08)
  or use the option -M0/1 to avoid such replacement.
Warning:  Point 180577 is replaced by point 445165.
  Avoid creating a very short edge (len = 0) (< 4.01382e-06).
  You may try a smaller tolerance (-T) (current is 1e-08)
  or use the option -M0/1 to avoid such replacement.
Warning:  Point 455707 is replaced by point 455704.
  Avoid creating a very short edge (len = 0) (< 4.01382e-06).
  You may try a smaller tolerance (-T) (current is 1e-08)
  or use the option -M0/1 to avoid such replacement.
Warning:  Point 298809 is replaced by point 455677.
  Avoid creating a very short edge (len = 0) (< 4.01382e-06).
  You may try a smaller tolerance (-T) (current is 1e-08)
  or use the option -M0/1 to avoid such replacement.
Warning:  Point 455678 is replaced by point 455677.
  Avoid creating a very short edge (len = 0) (< 4.01382e-06).
  You may try a smaller tolerance (-T) (current is 1e-08)
  or use the option -M0/1 to avoid such replacement.
Warning:  Point 455859 is replaced by point 455830.
  Avoid creating a very short edge (len = 0) (< 4.01382e-06).
  You may try a smaller tolerance (-T) (current is 1e-08)
  or use the option -M0/1 to avoid such replacement.
Warning:  Point 455838 is replaced by point 180575.
  Avoid creating a very short edge (len = 0) (< 4.01382e-06).
  You may try a smaller tolerance (-T) (current is 1e-08)
  or use the option -M0/1 to avoid such replacement.
Warning:  Point 290393 is replaced by point 283450.
  Avoid creating a very short edge (len = 0) (< 4.01382e-06).
  You may try a smaller tolerance (-T) (current is 1e-08)
  or use the option -M0/1 to avoid such replacement.
Warning:  Point 455855 is replaced by point 455856.
  Avoid creating a very short edge (len = 0) (< 4.01382e-06).
  You may try a smaller tolerance (-T) (current is 1e-08)
  or use the option -M0/1 to avoid such replacement.
Warning:  Point 443869 is replaced by point 443870.
  Avoid creating a very short edge (len = 0) (< 4.01382e-06).
  You may try a smaller tolerance (-T) (current is 1e-08)
  or use the option -M0/1 to avoid such replacement.
Warning:  Point 443868 is replaced by point 443870.
  Avoid creating a very short edge (len = 0) (< 4.01382e-06).
  You may try a smaller tolerance (-T) (current is 1e-08)
  or use the option -M0/1 to avoid such replacement.
Warning:  Point 445932 is replaced by point 445424.
  Avoid creating a very short edge (len = 0) (< 4.01382e-06).
  You may try a smaller tolerance (-T) (current is 1e-08)
  or use the option -M0/1 to avoid such replacement.
Warning:  Point 461729 is replaced by point 461730.
  Avoid creating a very short edge (len = 0) (< 4.01382e-06).
  You may try a smaller tolerance (-T) (current is 1e-08)
  or use the option -M0/1 to avoid such replacement.
Warning:  Point 445963 is replaced by point 461734.
  Avoid creating a very short edge (len = 0) (< 4.01382e-06).
  You may try a smaller tolerance (-T) (current is 1e-08)
  or use the option -M0/1 to avoid such replacement.
Warning:  Point 292668 is replaced by point 458927.
  Avoid creating a very short edge (len = 0) (< 4.01382e-06).
  You may try a smaller tolerance (-T) (current is 1e-08)
  or use the option -M0/1 to avoid such replacement.
Warning:  Point 445926 is replaced by point 292670.
  Avoid creating a very short edge (len = 0) (< 4.01382e-06).
  You may try a smaller tolerance (-T) (current is 1e-08)
  or use the option -M0/1 to avoid such replacement.
Warning:  Point 460040 is replaced by point 460039.
  Avoid creating a very short edge (len = 0) (< 4.01382e-06).
  You may try a smaller tolerance (-T) (current is 1e-08)
  or use the option -M0/1 to avoid such replacement.
Warning:  Point 445921 is replaced by point 461252.
  Avoid creating a very short edge (len = 0) (< 4.01382e-06).
  You may try a smaller tolerance (-T) (current is 1e-08)
  or use the option -M0/1 to avoid such replacement.
Warning:  Point 461737 is replaced by point 461735.
  Avoid creating a very short edge (len = 0) (< 4.01382e-06).
  You may try a smaller tolerance (-T) (current is 1e-08)
  or use the option -M0/1 to avoid such replacement.
Warning:  Point 294045 is replaced by point 445378.
  Avoid creating a very short edge (len = 0) (< 4.01382e-06).
  You may try a smaller tolerance (-T) (current is 1e-08)
  or use the option -M0/1 to avoid such replacement.
Warning:  Point 294046 is replaced by point 445378.
  Avoid creating a very short edge (len = 0) (< 4.01382e-06).
  You may try a smaller tolerance (-T) (current is 1e-08)
  or use the option -M0/1 to avoid such replacement.
Warning:  Point 455764 is replaced by point 455765.
  Avoid creating a very short edge (len = 0) (< 4.01382e-06).
  You may try a smaller tolerance (-T) (current is 1e-08)
  or use the option -M0/1 to avoid such replacement.
Warning:  Point 455763 is replaced by point 455765.
  Avoid creating a very short edge (len = 0) (< 4.01382e-06).
  You may try a smaller tolerance (-T) (current is 1e-08)
  or use the option -M0/1 to avoid such replacement.
Warning:  Point 444120 is replaced by point 461374.
  Avoid creating a very short edge (len = 0) (< 4.01382e-06).
  You may try a smaller tolerance (-T) (current is 1e-08)
  or use the option -M0/1 to avoid such replacement.
Warning:  Point 444119 is replaced by point 461374.
  Avoid creating a very short edge (len = 0) (< 4.01382e-06).
  You may try a smaller tolerance (-T) (current is 1e-08)
  or use the option -M0/1 to avoid such replacement.
Warning:  Point 455772 is replaced by point 456026.
  Avoid creating a very short edge (len = 0) (< 4.01382e-06).
  You may try a smaller tolerance (-T) (current is 1e-08)
  or use the option -M0/1 to avoid such replacement.
Warning:  Point 461621 is replaced by point 456027.
  Avoid creating a very short edge (len = 0) (< 4.01382e-06).
  You may try a smaller tolerance (-T) (current is 1e-08)
  or use the option -M0/1 to avoid such replacement.
Warning:  Point 461750 is replaced by point 445920.
  Avoid creating a very short edge (len = 0) (< 4.01382e-06).
  You may try a smaller tolerance (-T) (current is 1e-08)
  or use the option -M0/1 to avoid such replacement.
Warning:  Point 461768 is replaced by point 445930.
  Avoid creating a very short edge (len = 0) (< 4.01382e-06).
  You may try a smaller tolerance (-T) (current is 1e-08)
  or use the option -M0/1 to avoid such replacement.
Warning:  Point 445931 is replaced by point 445930.
  Avoid creating a very short edge (len = 0) (< 4.01382e-06).
  You may try a smaller tolerance (-T) (current is 1e-08)
  or use the option -M0/1 to avoid such replacement.
Warning:  Point 461767 is replaced by point 461763.
  Avoid creating a very short edge (len = 0) (< 4.01382e-06).
  You may try a smaller tolerance (-T) (current is 1e-08)
  or use the option -M0/1 to avoid such replacement.
Warning:  Point 455771 is replaced by point 461763.
  Avoid creating a very short edge (len = 0) (< 4.01382e-06).
  You may try a smaller tolerance (-T) (current is 1e-08)
  or use the option -M0/1 to avoid such replacement.
Warning:  Point 455793 is replaced by point 455795.
  Avoid creating a very short edge (len = 0) (< 4.01382e-06).
  You may try a smaller tolerance (-T) (current is 1e-08)
  or use the option -M0/1 to avoid such replacement.
Warning:  Point 461648 is replaced by point 445905.
  Avoid creating a very short edge (len = 0) (< 4.01382e-06).
  You may try a smaller tolerance (-T) (current is 1e-08)
  or use the option -M0/1 to avoid such replacement.
Warning:  Point 294062 is replaced by point 284032.
  Avoid creating a very short edge (len = 0) (< 4.01382e-06).
  You may try a smaller tolerance (-T) (current is 1e-08)
  or use the option -M0/1 to avoid such replacement.
Warning:  Point 294061 is replaced by point 284032.
  Avoid creating a very short edge (len = 0) (< 4.01382e-06).
  You may try a smaller tolerance (-T) (current is 1e-08)
  or use the option -M0/1 to avoid such replacement.
Warning:  Point 455839 is replaced by point 445934.
  Avoid creating a very short edge (len = 0) (< 4.01382e-06).
  You may try a smaller tolerance (-T) (current is 1e-08)
  or use the option -M0/1 to avoid such replacement.
Warning:  Point 461736 is replaced by point 445936.
  Avoid creating a very short edge (len = 0) (< 4.01382e-06).
  You may try a smaller tolerance (-T) (current is 1e-08)
  or use the option -M0/1 to avoid such replacement.
Delaunay seconds:  1.68434
Creating surface mesh ...
Warning:  Polygon 1 has two identical verts in facet 356361.
Warning:  Polygon 1 has two identical verts in facet 357294.
Warning:  Polygon 1 has two identical verts in facet 357295.
Warning:  Polygon 1 has two identical verts in facet 357553.
Warning:  Polygon 1 has two identical verts in facet 358057.
Warning:  Polygon 1 has two identical verts in facet 358414.
Warning:  Polygon 1 has two identical verts in facet 358415.
Warning:  Polygon 1 has two identical verts in facet 358644.
Warning:  Polygon 1 has two identical verts in facet 358972.
Warning:  Polygon 1 has two identical verts in facet 359063.
Warning:  Polygon 1 has two identical verts in facet 359064.
Warning:  Polygon 1 has two identical verts in facet 359176.
Warning:  Polygon 1 has two identical verts in facet 359773.
Warning:  Polygon 1 has two identical verts in facet 359774.
Warning:  Polygon 1 has two identical verts in facet 360526.
Warning:  Polygon 1 has two identical verts in facet 361667.
Warning:  Polygon 1 has two identical verts in facet 361667.
Warning:  Polygon 1 has two identical verts in facet 361667.
Warning:  Polygon 1 has two identical verts in facet 361687.
Warning:  Polygon 1 has two identical verts in facet 361720.
Warning:  Polygon 1 has two identical verts in facet 361720.
Warning:  Polygon 1 has two identical verts in facet 361720.
Warning:  Polygon 1 has two identical verts in facet 364225.
Warning:  Polygon 1 has two identical verts in facet 364229.
Warning:  Polygon 1 has two identical verts in facet 364277.
Warning:  Polygon 1 has two identical verts in facet 367717.
Warning:  Polygon 1 has two identical verts in facet 367755.
Warning:  Polygon 1 has two identical verts in facet 367755.
Warning:  Polygon 1 has two identical verts in facet 367755.
Warning:  Polygon 1 has two identical verts in facet 368833.
Warning:  Polygon 1 has two identical verts in facet 369112.
Warning:  Polygon 1 has two identical verts in facet 369113.
Warning:  Polygon 1 has two identical verts in facet 369121.
Warning:  Polygon 1 has two identical verts in facet 369121.
Warning:  Polygon 1 has two identical verts in facet 369121.
Warning:  Polygon 1 has two identical verts in facet 370425.
Warning:  Polygon 1 has two identical verts in facet 370462.
Warning:  Polygon 1 has two identical verts in facet 370475.
Warning:  Polygon 1 has two identical verts in facet 370476.
Warning:  Polygon 1 has two identical verts in facet 370479.
Warning:  Polygon 1 has two identical verts in facet 370496.
Warning:  Polygon 1 has two identical verts in facet 370497.
Warning:  Polygon 1 has two identical verts in facet 370497.
Warning:  Polygon 1 has two identical verts in facet 370497.
Warning:  Polygon 1 has two identical verts in facet 370511.
Warning:  Polygon 1 has two identical verts in facet 370523.
Warning:  Polygon 1 has two identical verts in facet 370634.
Warning:  Polygon 1 has two identical verts in facet 370942.
Warning:  Polygon 1 has two identical verts in facet 372009.
Warning:  Polygon 1 has two identical verts in facet 372351.
Warning:  Polygon 1 has two identical verts in facet 372356.
Warning:  Polygon 1 has two identical verts in facet 372357.
Warning:  Polygon 1 has two identical verts in facet 372556.
Warning:  Polygon 1 has two identical verts in facet 372664.
Warning:  Polygon 1 has two identical verts in facet 374094.
Warning:  Polygon 1 has two identical verts in facet 377756.
Warning:  Polygon 1 has two identical verts in facet 377756.
Warning:  Polygon 1 has two identical verts in facet 377756.
Warning:  Polygon 1 has two identical verts in facet 377838.
Warning:  Polygon 1 has two identical verts in facet 377839.
Warning:  Polygon 1 has two identical verts in facet 377995.
Warning:  Polygon 1 has two identical verts in facet 378136.
Warning:  Polygon 1 has two identical verts in facet 378147.
Warning:  Polygon 1 has two identical verts in facet 378437.
Warning:  Polygon 1 has two identical verts in facet 378449.
Warning:  Polygon 1 has two identical verts in facet 378449.
Warning:  Polygon 1 has two identical verts in facet 378449.
Warning:  Polygon 1 has two identical verts in facet 378490.
Warning:  Polygon 1 has two identical verts in facet 378491.
Warning:  Polygon 1 has two identical verts in facet 378491.
Warning:  Polygon 1 has two identical verts in facet 378491.
Warning:  Polygon 1 has two identical verts in facet 379199.
Warning:  Polygon 1 has two identical verts in facet 379200.
Warning:  Polygon 1 has two identical verts in facet 379203.
Warning:  Polygon 1 has two identical verts in facet 380564.
Warning:  Polygon 1 has two identical verts in facet 384192.
Warning:  Polygon 1 has two identical verts in facet 384192.
Warning:  Polygon 1 has two identical verts in facet 384192.
Warning:  Polygon 1 has two identical verts in facet 384266.
Warning:  Polygon 1 has two identical verts in facet 384266.
Warning:  Polygon 1 has two identical verts in facet 384266.
Warning:  Polygon 1 has two identical verts in facet 386621.
Warning:  Polygon 1 has two identical verts in facet 386622.
Warning:  Polygon 1 has two identical verts in facet 386697.
Warning:  Polygon 1 has two identical verts in facet 386698.
Warning:  Polygon 1 has two identical verts in facet 386699.
Warning:  Polygon 1 has two identical verts in facet 386699.
Warning:  Polygon 1 has two identical verts in facet 386699.
Warning:  Polygon 1 has two identical verts in facet 386805.
Warning:  Polygon 1 has two identical verts in facet 386805.
Warning:  Polygon 1 has two identical verts in facet 386805.
Warning:  Polygon 1 has two identical verts in facet 389546.
Warning:  Polygon 1 has two identical verts in facet 392090.
Warning:  Polygon 1 has two identical verts in facet 392091.
Warning:  Polygon 1 has two identical verts in facet 393629.
Warning:  Polygon 1 has two identical verts in facet 393629.
Warning:  Polygon 1 has two identical verts in facet 393629.
Warning:  Polygon 1 has two identical verts in facet 393677.
Warning:  Polygon 1 has two identical verts in facet 393741.
Warning:  Polygon 1 has two identical verts in facet 393741.
Warning:  Polygon 1 has two identical verts in facet 393741.
Warning:  Polygon 1 has two identical verts in facet 393981.
Warning:  Polygon 1 has two identical verts in facet 393982.
Warning:  Polygon 1 has two identical verts in facet 396258.
Warning:  Polygon 1 has two identical verts in facet 396258.
Warning:  Polygon 1 has two identical verts in facet 396258.
Warning:  Polygon 1 has two identical verts in facet 396259.
Warning:  Polygon 1 has two identical verts in facet 396266.
Warning:  Polygon 1 has two identical verts in facet 398002.
Warning:  Polygon 1 has two identical verts in facet 398003.
Warning:  Polygon 1 has two identical verts in facet 398852.
Warning:  Polygon 1 has two identical verts in facet 398852.
Warning:  Polygon 1 has two identical verts in facet 398852.
Warning:  Polygon 1 has two identical verts in facet 398853.
Warning:  Polygon 1 has two identical verts in facet 398870.
Warning:  Polygon 1 has two identical verts in facet 398870.
Warning:  Polygon 1 has two identical verts in facet 398870.
Warning:  Polygon 1 has two identical verts in facet 398931.
Warning:  Polygon 1 has two identical verts in facet 399086.
Warning:  Polygon 1 has two identical verts in facet 399263.
Warning:  Polygon 1 has two identical verts in facet 399264.
Warning:  Polygon 1 has two identical verts in facet 399265.
Warning:  Polygon 1 has two identical verts in facet 399266.
Warning:  Polygon 1 has two identical verts in facet 399276.
Warning:  Polygon 1 has two identical verts in facet 399305.
Warning:  Polygon 1 has two identical verts in facet 399344.
Warning:  Polygon 1 has two identical verts in facet 399344.
Warning:  Polygon 1 has two identical verts in facet 399344.
Warning:  Polygon 1 has two identical verts in facet 400150.
Warning:  Polygon 1 has two identical verts in facet 400747.
Warning:  Polygon 1 has two identical verts in facet 400748.
Warning:  Polygon 1 has two identical verts in facet 400749.
Warning:  Polygon 1 has two identical verts in facet 400749.
Warning:  Polygon 1 has two identical verts in facet 400749.
Warning:  Polygon 1 has two identical verts in facet 400955.
Warning:  Polygon 1 has two identical verts in facet 400955.
Warning:  Polygon 1 has two identical verts in facet 400955.
Warning:  Polygon 1 has two identical verts in facet 400960.
Warning:  Polygon 1 has two identical verts in facet 400960.
Warning:  Polygon 1 has two identical verts in facet 400960.
Warning:  Polygon 1 has two identical verts in facet 401008.
Warning:  Polygon 1 has two identical verts in facet 401008.
Warning:  Polygon 1 has two identical verts in facet 401008.
Warning:  Polygon 1 has two identical verts in facet 401103.
Warning:  Polygon 1 has two identical verts in facet 401104.
Warning:  Polygon 1 has two identical verts in facet 401105.
Warning:  Polygon 1 has two identical verts in facet 401105.
Warning:  Polygon 1 has two identical verts in facet 401105.
Warning:  Polygon 1 has two identical verts in facet 401252.
Warning:  Polygon 1 has two identical verts in facet 401252.
Warning:  Polygon 1 has two identical verts in facet 401252.
Warning:  Polygon 1 has two identical verts in facet 401486.
Warning:  Polygon 1 has two identical verts in facet 404437.
Warning:  Polygon 1 has two identical verts in facet 405153.
Warning:  Polygon 1 has two identical verts in facet 406514.
Warning:  Polygon 1 has two identical verts in facet 406803.
Warning:  Polygon 1 has two identical verts in facet 411846.
Warning:  Polygon 1 has two identical verts in facet 411853.
Warning:  Polygon 1 has two identical verts in facet 411853.
Warning:  Polygon 1 has two identical verts in facet 411853.
Warning:  Polygon 1 has two identical verts in facet 413115.
Warning:  Polygon 1 has two identical verts in facet 419781.
Warning:  Polygon 1 has two identical verts in facet 421649.
Warning:  Polygon 1 has two identical verts in facet 421649.
Warning:  Polygon 1 has two identical verts in facet 421649.
Warning:  Polygon 1 has two identical verts in facet 421657.
Warning:  Polygon 1 has two identical verts in facet 421660.
Warning:  Polygon 1 has two identical verts in facet 421660.
Warning:  Polygon 1 has two identical verts in facet 421660.
Warning:  Polygon 1 has two identical verts in facet 421680.
Warning:  Polygon 1 has two identical verts in facet 421681.
Warning:  Polygon 1 has two identical verts in facet 421692.
Warning:  Polygon 1 has two identical verts in facet 421692.
Warning:  Polygon 1 has two identical verts in facet 421692.
Warning:  Polygon 1 has two identical verts in facet 421693.
Warning:  Polygon 1 has two identical verts in facet 421709.
Warning:  Polygon 1 has two identical verts in facet 421798.
Warning:  Polygon 1 has two identical verts in facet 421892.
Warning:  Polygon 1 has two identical verts in facet 422558.
Warning:  Polygon 1 has two identical verts in facet 422562.
Warning:  Polygon 1 has two identical verts in facet 422562.
Warning:  Polygon 1 has two identical verts in facet 422562.
Warning:  Polygon 1 has two identical verts in facet 422563.
Warning:  Polygon 1 has two identical verts in facet 422564.
Warning:  Polygon 1 has two identical verts in facet 422564.
Warning:  Polygon 1 has two identical verts in facet 422564.
Warning:  Polygon 1 has two identical verts in facet 422574.
Warning:  Polygon 1 has two identical verts in facet 422576.
Warning:  Polygon 1 has two identical verts in facet 441992.
Warning:  Polygon 1 has two identical verts in facet 441994.
Warning:  Polygon 1 has two identical verts in facet 452456.
Warning:  Polygon 1 has two identical verts in facet 458844.
Warning:  Polygon 1 has two identical verts in facet 458851.
Warning:  Polygon 1 has two identical verts in facet 458858.
Warning:  Polygon 1 has two identical verts in facet 458888.
Warning:  Polygon 1 has two identical verts in facet 459510.
Warning:  Polygon 1 has two identical verts in facet 459524.
Warning:  Polygon 1 has two identical verts in facet 459532.
Warning:  Polygon 1 has two identical verts in facet 459533.
Warning:  Polygon 1 has two identical verts in facet 470771.
Warning:  Polygon 1 has two identical verts in facet 472581.
Warning:  Polygon 1 has two identical verts in facet 472589.
Warning:  Polygon 1 has two identical verts in facet 473059.
Warning:  Polygon 1 has two identical verts in facet 473224.
Warning:  Polygon 1 has two identical verts in facet 473246.
Warning:  Polygon 1 has two identical verts in facet 473246.
Warning:  Polygon 1 has two identical verts in facet 473246.
Warning:  Polygon 1 has two identical verts in facet 473247.
Warning:  Polygon 1 has two identical verts in facet 473247.
Warning:  Polygon 1 has two identical verts in facet 473247.
Warning:  Polygon 1 has two identical verts in facet 473258.
Warning:  Polygon 1 has two identical verts in facet 473262.
Warning:  Polygon 1 has two identical verts in facet 473276.
Warning:  Polygon 1 has two identical verts in facet 473309.
Warning:  Polygon 1 has two identical verts in facet 473335.
Warning:  Polygon 1 has two identical verts in facet 473354.
Warning:  Polygon 1 has two identical verts in facet 473381.
Warning:  Polygon 1 has two identical verts in facet 473396.
Warning:  Polygon 1 has two identical verts in facet 473481.
Warning:  Polygon 1 has two identical verts in facet 473502.
Warning:  Polygon 1 has two identical verts in facet 485744.
Warning:  Polygon 1 has two identical verts in facet 485745.
Warning:  Polygon 1 has two identical verts in facet 485805.
Warning:  Polygon 1 has two identical verts in facet 485805.
Warning:  Polygon 1 has two identical verts in facet 485805.
Warning:  Polygon 1 has two identical verts in facet 485810.
Warning:  Polygon 1 has two identical verts in facet 485841.
Warning:  Polygon 1 has two identical verts in facet 485842.
Warning:  Polygon 1 has two identical verts in facet 485843.
Warning:  Polygon 1 has two identical verts in facet 485843.
Warning:  Polygon 1 has two identical verts in facet 485843.
Warning:  Polygon 1 has two identical verts in facet 485844.
Warning:  Polygon 1 has two identical verts in facet 485845.
Warning:  Polygon 1 has two identical verts in facet 485877.
Warning:  Polygon 1 has two identical verts in facet 485895.
Warning:  Polygon 1 has two identical verts in facet 485895.
Warning:  Polygon 1 has two identical verts in facet 485895.
Warning:  Polygon 1 has two identical verts in facet 485957.
Warning:  Polygon 1 has two identical verts in facet 485987.
Warning:  Polygon 1 has two identical verts in facet 485988.
Warning:  Polygon 1 has two identical verts in facet 486033.
Warning:  Polygon 1 has two identical verts in facet 486033.
Warning:  Polygon 1 has two identical verts in facet 486033.
Warning:  Polygon 1 has two identical verts in facet 486042.
Warning:  Polygon 1 has two identical verts in facet 486101.
Warning:  Polygon 1 has two identical verts in facet 486119.
Warning:  Polygon 1 has two identical verts in facet 486122.
Warning:  Polygon 1 has two identical verts in facet 486122.
Warning:  Polygon 1 has two identical verts in facet 486122.
Warning:  Polygon 1 has two identical verts in facet 486131.
Warning:  Polygon 1 has two identical verts in facet 486132.
Warning:  Polygon 1 has two identical verts in facet 486134.
Warning:  Polygon 1 has two identical verts in facet 486138.
Warning:  Polygon 1 has two identical verts in facet 486138.
Warning:  Polygon 1 has two identical verts in facet 486138.
Warning:  Polygon 1 has two identical verts in facet 486141.
Warning:  Polygon 1 has two identical verts in facet 486143.
Warning:  Polygon 1 has two identical verts in facet 486143.
Warning:  Polygon 1 has two identical verts in facet 486143.
Warning:  Polygon 1 has two identical verts in facet 486178.
Warning:  Polygon 1 has two identical verts in facet 486178.
Warning:  Polygon 1 has two identical verts in facet 486178.
Warning:  Polygon 1 has two identical verts in facet 486188.
Warning:  Polygon 1 has two identical verts in facet 486191.
Warning:  Polygon 1 has two identical verts in facet 486195.
Warning:  Polygon 1 has two identical verts in facet 486202.
Warning:  Polygon 1 has two identical verts in facet 486203.
Warning:  Polygon 1 has two identical verts in facet 486207.
Warning:  Polygon 1 has two identical verts in facet 486213.
Warning:  Polygon 1 has two identical verts in facet 486216.
Warning:  Polygon 1 has two identical verts in facet 486216.
Warning:  Polygon 1 has two identical verts in facet 486216.
Warning:  Polygon 1 has two identical verts in facet 486220.
Warning:  Polygon 1 has two identical verts in facet 486223.
Warning:  Polygon 1 has two identical verts in facet 486223.
Warning:  Polygon 1 has two identical verts in facet 486223.
Warning:  Polygon 1 has two identical verts in facet 486227.
Warning:  Polygon 1 has two identical verts in facet 486229.
Warning:  Polygon 1 has two identical verts in facet 486230.
Warning:  Polygon 1 has two identical verts in facet 486231.
Warning:  Polygon 1 has two identical verts in facet 486232.
Warning:  Polygon 1 has two identical verts in facet 486233.
Warning:  Polygon 1 has two identical verts in facet 486233.
Warning:  Polygon 1 has two identical verts in facet 486233.
Warning:  Polygon 1 has two identical verts in facet 486234.
Warning:  Polygon 1 has two identical verts in facet 486241.
Warning:  Polygon 1 has two identical verts in facet 486242.
Warning:  Polygon 1 has two identical verts in facet 486243.
Warning:  Polygon 1 has two identical verts in facet 486252.
Warning:  Polygon 1 has two identical verts in facet 486252.
Warning:  Polygon 1 has two identical verts in facet 486252.
Warning:  Polygon 1 has two identical verts in facet 486254.
Warning:  Polygon 1 has two identical verts in facet 486257.
Warning:  Polygon 1 has two identical verts in facet 486257.
Warning:  Polygon 1 has two identical verts in facet 486257.
Warning:  Polygon 1 has two identical verts in facet 486269.
Warning:  Polygon 1 has two identical verts in facet 486270.
Warning:  Polygon 1 has two identical verts in facet 486276.
Warning:  Polygon 1 has two identical verts in facet 486280.
Warning:  Polygon 1 has two identical verts in facet 486290.
Warning:  Polygon 1 has two identical verts in facet 486304.
Warning:  Polygon 1 has two identical verts in facet 486307.
Warning:  Polygon 1 has two identical verts in facet 486313.
Warning:  Polygon 1 has two identical verts in facet 486314.
Warning:  Polygon 1 has two identical verts in facet 486315.
Warning:  Polygon 1 has two identical verts in facet 486318.
Warning:  Polygon 1 has two identical verts in facet 486325.
Warning:  Polygon 1 has two identical verts in facet 486377.
Warning:  Polygon 1 has two identical verts in facet 486388.
Warning:  Polygon 1 has two identical verts in facet 486389.
Warning:  Polygon 1 has two identical verts in facet 486407.
Warning:  Polygon 1 has two identical verts in facet 486427.
Warning:  Polygon 1 has two identical verts in facet 486427.
Warning:  Polygon 1 has two identical verts in facet 486427.
Warning:  Polygon 1 has two identical verts in facet 486446.
Warning:  Polygon 1 has two identical verts in facet 486449.
Warning:  Polygon 1 has two identical verts in facet 486450.
Warning:  Polygon 1 has two identical verts in facet 486453.
Warning:  Polygon 1 has two identical verts in facet 486455.
Warning:  Polygon 1 has two identical verts in facet 487609.
Warning:  Polygon 1 has two identical verts in facet 487754.
Warning:  Polygon 1 has two identical verts in facet 487774.
Warning:  Polygon 1 has two identical verts in facet 487776.
Warning:  Polygon 1 has two identical verts in facet 487781.
Warning:  Polygon 1 has two identical verts in facet 487786.
Warning:  Polygon 1 has two identical verts in facet 487790.
Warning:  Polygon 1 has two identical verts in facet 487795.
Warning:  Polygon 1 has two identical verts in facet 495359.
Warning:  Polygon 1 has two identical verts in facet 495362.
Warning:  Polygon 1 has two identical verts in facet 495363.
Warning:  Polygon 1 has two identical verts in facet 502309.
Warning:  Polygon 1 has two identical verts in facet 502327.
Warning:  Polygon 1 has two identical verts in facet 502358.
Warning:  Polygon 1 has two identical verts in facet 503007.
Warning:  Polygon 1 has two identical verts in facet 503008.
Warning:  Polygon 1 has two identical verts in facet 503009.
Warning:  Polygon 1 has two identical verts in facet 503009.
Warning:  Polygon 1 has two identical verts in facet 503009.
Warning:  Polygon 1 has two identical verts in facet 503105.
Warning:  Polygon 1 has two identical verts in facet 503105.
Warning:  Polygon 1 has two identical verts in facet 503105.
Warning:  Polygon 1 has two identical verts in facet 503111.
Warning:  Polygon 1 has two identical verts in facet 503118.
Warning:  Polygon 1 has two identical verts in facet 503144.
Warning:  Polygon 1 has two identical verts in facet 503225.
Warning:  Polygon 1 has two identical verts in facet 503236.
Warning:  Polygon 1 has two identical verts in facet 503239.
Warning:  Polygon 1 has two identical verts in facet 503241.
Warning:  Polygon 1 has two identical verts in facet 503257.
Warning:  Polygon 1 has two identical verts in facet 503257.
Warning:  Polygon 1 has two identical verts in facet 503257.
Warning:  Polygon 1 has two identical verts in facet 503261.
Warning:  Polygon 1 has two identical verts in facet 503262.
Warning:  Polygon 1 has two identical verts in facet 503263.
Warning:  Polygon 1 has two identical verts in facet 503264.
Warning:  Polygon 1 has two identical verts in facet 503265.
Warning:  Polygon 1 has two identical verts in facet 503274.
Warning:  Polygon 1 has two identical verts in facet 503274.
Warning:  Polygon 1 has two identical verts in facet 503274.
Warning:  Polygon 1 has two identical verts in facet 503284.
Warning:  Polygon 1 has two identical verts in facet 503285.
Warning:  Polygon 1 has two identical verts in facet 503286.
Warning:  Polygon 1 has two identical verts in facet 503288.
Warning:  Polygon 1 has two identical verts in facet 503297.
Warning:  Polygon 1 has two identical verts in facet 503814.
Warning:  Polygon 1 has two identical verts in facet 503908.
Warning:  Polygon 1 has two identical verts in facet 503938.
Warning:  Polygon 1 has two identical verts in facet 503939.
Warning:  Polygon 1 has two identical verts in facet 503940.
Warning:  Polygon 1 has two identical verts in facet 503940.
Warning:  Polygon 1 has two identical verts in facet 503940.
Warning:  Polygon 1 has two identical verts in facet 504203.
Warning:  Polygon 1 has two identical verts in facet 504232.
Warning:  Polygon 1 has two identical verts in facet 504258.
Warning:  Polygon 1 has two identical verts in facet 504275.
Warning:  Polygon 1 has two identical verts in facet 504275.
Warning:  Polygon 1 has two identical verts in facet 504275.
Warning:  Polygon 1 has two identical verts in facet 504336.
Warning:  Polygon 1 has two identical verts in facet 504746.
Warning:  Polygon 1 has two identical verts in facet 504746.
Warning:  Polygon 1 has two identical verts in facet 504746.
Warning:  Polygon 1 has two identical verts in facet 505738.
Warning:  Polygon 1 has two identical verts in facet 506036.
Warning:  Polygon 1 has two identical verts in facet 506041.
Warning:  Polygon 1 has two identical verts in facet 506043.
Warning:  Polygon 1 has two identical verts in facet 506043.
Warning:  Polygon 1 has two identical verts in facet 506043.
Warning:  Polygon 1 has two identical verts in facet 506051.
Warning:  Polygon 1 has two identical verts in facet 506054.
Warning:  Polygon 1 has two identical verts in facet 506056.
Warning:  Polygon 1 has two identical verts in facet 506078.
Warning:  Polygon 1 has two identical verts in facet 506084.
Warning:  Polygon 1 has two identical verts in facet 506095.
Warning:  Polygon 1 has two identical verts in facet 506121.
Warning:  Polygon 1 has two identical verts in facet 506130.
Warning:  Polygon 1 has two identical verts in facet 506145.
Warning:  Polygon 1 has two identical verts in facet 506145.
Warning:  Polygon 1 has two identical verts in facet 506145.
Warning:  Polygon 1 has two identical verts in facet 506160.
Warning:  Polygon 1 has two identical verts in facet 506167.
Warning:  Polygon 1 has two identical verts in facet 506168.
Warning:  Polygon 1 has two identical verts in facet 506169.
Warning:  Polygon 1 has two identical verts in facet 506170.
Warning:  Polygon 1 has two identical verts in facet 506182.
Warning:  Polygon 1 has two identical verts in facet 506215.
Warning:  Polygon 1 has two identical verts in facet 506215.
Warning:  Polygon 1 has two identical verts in facet 506215.
Warning:  Polygon 1 has two identical verts in facet 506225.
Warning:  Polygon 1 has two identical verts in facet 506272.
Warning:  Polygon 1 has two identical verts in facet 506272.
Warning:  Polygon 1 has two identical verts in facet 506272.
Warning:  Polygon 1 has two identical verts in facet 506280.
Warning:  Polygon 1 has two identical verts in facet 506286.
Warning:  Polygon 1 has two identical verts in facet 506287.
Warning:  Polygon 1 has two identical verts in facet 506288.
Warning:  Polygon 1 has two identical verts in facet 506289.
Warning:  Polygon 1 has two identical verts in facet 506290.
Warning:  Polygon 1 has two identical verts in facet 506311.
Warning:  Polygon 1 has two identical verts in facet 506319.
Warning:  Polygon 1 has two identical verts in facet 506325.
Warning:  Polygon 1 has two identical verts in facet 506333.
Warning:  Polygon 1 has two identical verts in facet 506336.
Warning:  Polygon 1 has two identical verts in facet 506587.
Warning:  Polygon 1 has two identical verts in facet 506588.
Warning:  Polygon 1 has two identical verts in facet 506604.
Warning:  Polygon 1 has two identical verts in facet 506604.
Warning:  Polygon 1 has two identical verts in facet 506604.
Warning:  Polygon 1 has two identical verts in facet 507897.
Warning:  Polygon 1 has two identical verts in facet 507897.
Warning:  Polygon 1 has two identical verts in facet 507897.
Warning:  Polygon 1 has two identical verts in facet 555003.
Warning:  Polygon 1 has two identical verts in facet 555003.
Warning:  Polygon 1 has two identical verts in facet 555003.
Warning:  Polygon 1 has two identical verts in facet 555005.
Warning:  Polygon 1 has two identical verts in facet 556689.
Warning:  Polygon 1 has two identical verts in facet 556691.
Warning:  Polygon 1 has two identical verts in facet 566690.
Warning:  Polygon 1 has two identical verts in facet 567293.
Warning:  Polygon 1 has two identical verts in facet 567686.
Warning:  Polygon 1 has two identical verts in facet 568702.
Warning:  Polygon 1 has two identical verts in facet 568728.
Warning:  Polygon 1 has two identical verts in facet 568728.
Warning:  Polygon 1 has two identical verts in facet 568728.
Warning:  Polygon 1 has two identical verts in facet 568842.
Warning:  Polygon 1 has two identical verts in facet 568843.
Warning:  Polygon 1 has two identical verts in facet 568886.
Warning:  Polygon 1 has two identical verts in facet 568886.
Warning:  Polygon 1 has two identical verts in facet 568886.
Warning:  Polygon 1 has two identical verts in facet 570090.
Warning:  Polygon 1 has two identical verts in facet 570091.
Warning:  Polygon 1 has two identical verts in facet 570177.
Warning:  Polygon 1 has two identical verts in facet 570177.
Warning:  Polygon 1 has two identical verts in facet 570177.
Warning:  Polygon 1 has two identical verts in facet 570308.
Warning:  Polygon 1 has two identical verts in facet 570414.
Warning:  Polygon 1 has two identical verts in facet 570492.
Warning:  Polygon 1 has two identical verts in facet 570492.
Warning:  Polygon 1 has two identical verts in facet 570492.
Warning:  Polygon 1 has two identical verts in facet 570645.
Warning:  Polygon 1 has two identical verts in facet 570646.
Warning:  Polygon 1 has two identical verts in facet 570703.
Warning:  Polygon 1 has two identical verts in facet 570703.
Warning:  Polygon 1 has two identical verts in facet 570703.
Warning:  Polygon 1 has two identical verts in facet 570711.
Warning:  Polygon 1 has two identical verts in facet 570727.
Warning:  Polygon 1 has two identical verts in facet 570816.
Warning:  Polygon 1 has two identical verts in facet 570860.
Warning:  Polygon 1 has two identical verts in facet 570878.
Warning:  Polygon 1 has two identical verts in facet 570878.
Warning:  Polygon 1 has two identical verts in facet 570878.
Warning:  Polygon 1 has two identical verts in facet 570889.
Warning:  Polygon 1 has two identical verts in facet 570926.
Warning:  Polygon 1 has two identical verts in facet 570949.
Warning:  Polygon 1 has two identical verts in facet 570950.
Warning:  Polygon 1 has two identical verts in facet 570959.
Warning:  Polygon 1 has two identical verts in facet 570963.
Warning:  Polygon 1 has two identical verts in facet 570963.
Warning:  Polygon 1 has two identical verts in facet 570963.
Warning:  Polygon 1 has two identical verts in facet 570964.
Warning:  Polygon 1 has two identical verts in facet 570965.
Warning:  Polygon 1 has two identical verts in facet 570968.
Warning:  Polygon 1 has two identical verts in facet 570976.
Warning:  Polygon 1 has two identical verts in facet 570979.
Warning:  Polygon 1 has two identical verts in facet 570981.
Warning:  Polygon 1 has two identical verts in facet 570981.
Warning:  Polygon 1 has two identical verts in facet 570981.
Warning:  Polygon 1 has two identical verts in facet 570982.
Warning:  Polygon 1 has two identical verts in facet 570983.
Warning:  Polygon 1 has two identical verts in facet 570984.
Warning:  Polygon 1 has two identical verts in facet 570989.
Warning:  Polygon 1 has two identical verts in facet 570991.
Warning:  Polygon 1 has two identical verts in facet 570997.
Warning:  Polygon 1 has two identical verts in facet 571014.
Warning:  Polygon 1 has two identical verts in facet 571014.
Warning:  Polygon 1 has two identical verts in facet 571014.
Warning:  Polygon 1 has two identical verts in facet 571018.
Warning:  Polygon 1 has two identical verts in facet 571019.
Warning:  Polygon 1 has two identical verts in facet 571020.
Warning:  Polygon 1 has two identical verts in facet 571020.
Warning:  Polygon 1 has two identical verts in facet 571020.
Warning:  Polygon 1 has two identical verts in facet 571027.
Warning:  Polygon 1 has two identical verts in facet 571028.
Warning:  Polygon 1 has two identical verts in facet 571041.
Warning:  Polygon 1 has two identical verts in facet 571056.
Warning:  Polygon 1 has two identical verts in facet 571066.
Warning:  Polygon 1 has two identical verts in facet 571073.
Warning:  Polygon 1 has two identical verts in facet 571080.
Warning:  Polygon 1 has two identical verts in facet 571084.
Warning:  Polygon 1 has two identical verts in facet 571085.
Warning:  Polygon 1 has two identical verts in facet 571091.
Warning:  Polygon 1 has two identical verts in facet 571091.
Warning:  Polygon 1 has two identical verts in facet 571091.
Warning:  Polygon 1 has two identical verts in facet 571107.
Warning:  Polygon 1 has two identical verts in facet 571109.
Warning:  Polygon 1 has two identical verts in facet 571109.
Warning:  Polygon 1 has two identical verts in facet 571109.
Warning:  Polygon 1 has two identical verts in facet 571111.
Warning:  Polygon 1 has two identical verts in facet 571114.
Warning:  Polygon 1 has two identical verts in facet 571116.
Warning:  Polygon 1 has two identical verts in facet 571124.
Warning:  Polygon 1 has two identical verts in facet 571137.
Warning:  Polygon 1 has two identical verts in facet 571142.
Warning:  Polygon 1 has two identical verts in facet 571144.
Warning:  Polygon 1 has two identical verts in facet 571153.
Warning:  Polygon 1 has two identical verts in facet 571157.
Warning:  Polygon 1 has two identical verts in facet 571178.
Warning:  Polygon 1 has two identical verts in facet 571179.
Warning:  Polygon 1 has two identical verts in facet 571183.
Warning:  Polygon 1 has two identical verts in facet 571331.
Warning:  Polygon 1 has two identical verts in facet 571333.
Warning:  Polygon 1 has two identical verts in facet 571334.
Warning:  Polygon 1 has two identical verts in facet 571340.
Warning:  Polygon 1 has two identical verts in facet 571340.
Warning:  Polygon 1 has two identical verts in facet 571340.
Warning:  Polygon 1 has two identical verts in facet 573834.
Warning:  Polygon 1 has two identical verts in facet 573841.
Warning:  Polygon 1 has two identical verts in facet 573869.
Warning:  Polygon 1 has two identical verts in facet 574083.
Warning:  Polygon 1 has two identical verts in facet 574168.
Warning:  Polygon 1 has two identical verts in facet 574175.
Warning:  Polygon 1 has two identical verts in facet 574191.
Warning:  Polygon 1 has two identical verts in facet 574475.
Warning:  Polygon 1 has two identical verts in facet 574484.
Warning:  Polygon 1 has two identical verts in facet 574484.
Warning:  Polygon 1 has two identical verts in facet 574484.
Warning:  Polygon 1 has two identical verts in facet 574486.
Warning:  Polygon 1 has two identical verts in facet 574558.
Warning:  Polygon 1 has two identical verts in facet 574583.
Warning:  Polygon 1 has two identical verts in facet 574584.
Warning:  Polygon 1 has two identical verts in facet 574584.
Warning:  Polygon 1 has two identical verts in facet 574584.
Warning:  Polygon 1 has two identical verts in facet 574600.
Warning:  Polygon 1 has two identical verts in facet 626743.
Warning:  Polygon 1 has two identical verts in facet 626744.
Warning:  Polygon 1 has two identical verts in facet 627380.
Warning:  Polygon 1 has two identical verts in facet 627380.
Warning:  Polygon 1 has two identical verts in facet 627380.
Warning:  Polygon 1 has two identical verts in facet 627534.
Warning:  Polygon 1 has two identical verts in facet 627535.
Warning:  Polygon 1 has two identical verts in facet 627621.
Warning:  Polygon 1 has two identical verts in facet 627621.
Warning:  Polygon 1 has two identical verts in facet 627621.
Warning:  Polygon 1 has two identical verts in facet 627623.
Warning:  Polygon 1 has two identical verts in facet 627624.
Warning:  Polygon 1 has two identical verts in facet 627774.
Warning:  Polygon 1 has two identical verts in facet 627775.
Warning:  Polygon 1 has two identical verts in facet 628195.
Warning:  Polygon 1 has two identical verts in facet 638892.
Warning:  Polygon 1 has two identical verts in facet 640053.
Warning:  Polygon 1 has two identical verts in facet 641140.
Warning:  Polygon 1 has two identical verts in facet 641140.
Warning:  Polygon 1 has two identical verts in facet 641140.
Warning:  Polygon 1 has two identical verts in facet 644191.
Warning:  Polygon 1 has two identical verts in facet 644192.
Warning:  Polygon 1 has two identical verts in facet 650137.
Warning:  Polygon 1 has two identical verts in facet 650292.
Warning:  Polygon 1 has two identical verts in facet 650302.
Warning:  Polygon 1 has two identical verts in facet 650302.
Warning:  Polygon 1 has two identical verts in facet 650302.
Warning:  Polygon 1 has two identical verts in facet 650320.
Warning:  Polygon 1 has two identical verts in facet 650335.
Warning:  Polygon 1 has two identical verts in facet 650342.
Warning:  Polygon 1 has two identical verts in facet 650342.
Warning:  Polygon 1 has two identical verts in facet 650342.
Warning:  Polygon 1 has two identical verts in facet 650343.
Warning:  Polygon 1 has two identical verts in facet 650344.
Warning:  Polygon 1 has two identical verts in facet 650345.
Warning:  Polygon 1 has two identical verts in facet 650346.
Warning:  Polygon 1 has two identical verts in facet 650347.
Warning:  Polygon 1 has two identical verts in facet 650348.
Warning:  Polygon 1 has two identical verts in facet 650351.
Warning:  Polygon 1 has two identical verts in facet 651963.
Warning:  Polygon 1 has two identical verts in facet 651965.
Warning:  Polygon 1 has two identical verts in facet 651966.
Warning:  Polygon 1 has two identical verts in facet 651967.
Warning:  Polygon 1 has two identical verts in facet 651967.
Warning:  Polygon 1 has two identical verts in facet 651967.
Warning:  Polygon 1 has two identical verts in facet 651969.
Warning:  Polygon 1 has two identical verts in facet 651969.
Warning:  Polygon 1 has two identical verts in facet 651969.
Warning:  Polygon 1 has two identical verts in facet 651972.
Warning:  Polygon 1 has two identical verts in facet 651973.
Warning:  Polygon 1 has two identical verts in facet 651977.
Warning:  Polygon 1 has two identical verts in facet 651978.
Warning:  Polygon 1 has two identical verts in facet 651980.
Warning:  Polygon 1 has two identical verts in facet 651980.
Warning:  Polygon 1 has two identical verts in facet 651980.
Warning:  Polygon 1 has two identical verts in facet 651981.
Warning:  Polygon 1 has two identical verts in facet 651982.
Warning:  Polygon 1 has two identical verts in facet 651983.
Warning:  Polygon 1 has two identical verts in facet 651984.
Warning:  Polygon 1 has two identical verts in facet 651986.
Warning:  Polygon 1 has two identical verts in facet 651986.
Warning:  Polygon 1 has two identical verts in facet 651986.
Warning:  Polygon 1 has two identical verts in facet 651987.
Warning:  Polygon 1 has two identical verts in facet 651988.
Warning:  Polygon 1 has two identical verts in facet 651990.
Warning:  Polygon 1 has two identical verts in facet 651991.
Warning:  Polygon 1 has two identical verts in facet 651992.
Warning:  Polygon 1 has two identical verts in facet 651992.
Warning:  Polygon 1 has two identical verts in facet 651992.
Warning:  Polygon 1 has two identical verts in facet 652182.
Warning:  Polygon 1 has two identical verts in facet 652201.
Warning:  Polygon 1 has two identical verts in facet 652201.
Warning:  Polygon 1 has two identical verts in facet 652201.
Warning:  Polygon 1 has two identical verts in facet 652205.
Warning:  Polygon 1 has two identical verts in facet 652207.
Warning:  Polygon 1 has two identical verts in facet 652208.
Warning:  Polygon 1 has two identical verts in facet 652209.
Warning:  Polygon 1 has two identical verts in facet 652209.
Warning:  Polygon 1 has two identical verts in facet 652209.
Warning:  Polygon 1 has two identical verts in facet 653316.
Warning:  Polygon 1 has two identical verts in facet 653316.
Warning:  Polygon 1 has two identical verts in facet 653316.
Warning:  Polygon 1 has two identical verts in facet 653320.
Warning:  Polygon 1 has two identical verts in facet 653320.
Warning:  Polygon 1 has two identical verts in facet 653320.
Warning:  Polygon 1 has two identical verts in facet 653326.
Warning:  Polygon 1 has two identical verts in facet 653332.
Warning:  Polygon 1 has two identical verts in facet 653333.
Warning:  Polygon 1 has two identical verts in facet 653335.
Warning:  Polygon 1 has two identical verts in facet 653336.
Warning:  Polygon 1 has two identical verts in facet 653339.
Warning:  Polygon 1 has two identical verts in facet 653340.
Warning:  Polygon 1 has two identical verts in facet 693256.
Warning:  Polygon 1 has two identical verts in facet 701268.
Warning:  Polygon 1 has two identical verts in facet 702902.
Warning:  Polygon 1 has two identical verts in facet 702902.
Warning:  Polygon 1 has two identical verts in facet 702902.
Warning:  Polygon 1 has two identical verts in facet 723012.
Warning:  Polygon 1 has two identical verts in facet 724872.
Warning:  Polygon 1 has two identical verts in facet 724872.
Warning:  Polygon 1 has two identical verts in facet 724872.
Warning:  Polygon 1 has two identical verts in facet 724876.
Warning:  Polygon 1 has two identical verts in facet 724876.
Warning:  Polygon 1 has two identical verts in facet 724876.
Warning:  Polygon 1 has two identical verts in facet 724883.
Warning:  Polygon 1 has two identical verts in facet 724883.
Warning:  Polygon 1 has two identical verts in facet 724883.
Warning:  Polygon 1 has two identical verts in facet 724884.
Warning:  Polygon 1 has two identical verts in facet 724884.
Warning:  Polygon 1 has two identical verts in facet 724884.
Warning:  Polygon 1 has two identical verts in facet 727664.
Warning:  Polygon 1 has two identical verts in facet 727664.
Warning:  Polygon 1 has two identical verts in facet 727664.
Warning:  Polygon 1 has two identical verts in facet 728538.
Warning:  Polygon 1 has two identical verts in facet 728538.
Warning:  Polygon 1 has two identical verts in facet 728538.
Warning:  Polygon 1 has two identical verts in facet 755569.
Warning:  Polygon 1 has two identical verts in facet 755571.
Warning:  Polygon 1 has two identical verts in facet 755575.
Warning:  Polygon 1 has two identical verts in facet 755576.
Warning:  Polygon 1 has two identical verts in facet 755615.
Warning:  Polygon 1 has two identical verts in facet 755632.
Warning:  Polygon 1 has two identical verts in facet 755637.
Warning:  Polygon 1 has two identical verts in facet 755640.
Warning:  Polygon 1 has two identical verts in facet 755642.
Warning:  Polygon 1 has two identical verts in facet 755702.
Warning:  Polygon 1 has two identical verts in facet 755719.
Warning:  Polygon 1 has two identical verts in facet 755720.
Warning:  Polygon 1 has two identical verts in facet 755734.
Warning:  Polygon 1 has two identical verts in facet 755749.
Warning:  Polygon 1 has two identical verts in facet 755820.
Warning:  Polygon 1 has two identical verts in facet 755821.
Warning:  Polygon 1 has two identical verts in facet 755824.
Warning:  Polygon 1 has two identical verts in facet 755825.
Warning:  Polygon 1 has two identical verts in facet 755826.
Warning:  Polygon 1 has two identical verts in facet 755826.
Warning:  Polygon 1 has two identical verts in facet 755826.
Warning:  Polygon 1 has two identical verts in facet 755837.
Warning:  Polygon 1 has two identical verts in facet 755864.
Warning:  Polygon 1 has two identical verts in facet 755865.
Warning:  Polygon 1 has two identical verts in facet 755869.
Warning:  Polygon 1 has two identical verts in facet 755869.
Warning:  Polygon 1 has two identical verts in facet 755869.
Warning:  Polygon 1 has two identical verts in facet 755886.
Warning:  Polygon 1 has two identical verts in facet 755886.
Warning:  Polygon 1 has two identical verts in facet 755886.
Warning:  Polygon 1 has two identical verts in facet 755887.
Warning:  Polygon 1 has two identical verts in facet 755888.
Warning:  Polygon 1 has two identical verts in facet 755892.
Warning:  Polygon 1 has two identical verts in facet 755893.
Warning:  Polygon 1 has two identical verts in facet 755895.
Warning:  Polygon 1 has two identical verts in facet 755897.
Warning:  Polygon 1 has two identical verts in facet 755897.
Warning:  Polygon 1 has two identical verts in facet 755897.
Warning:  Polygon 1 has two identical verts in facet 755898.
Warning:  Polygon 1 has two identical verts in facet 755899.
Warning:  Polygon 1 has two identical verts in facet 755900.
Warning:  Polygon 1 has two identical verts in facet 755920.
Warning:  Polygon 1 has two identical verts in facet 755927.
Warning:  Polygon 1 has two identical verts in facet 755931.
Warning:  Polygon 1 has two identical verts in facet 755933.
Warning:  Polygon 1 has two identical verts in facet 755955.
Warning:  Polygon 1 has two identical verts in facet 755956.
Warning:  Polygon 1 has two identical verts in facet 755980.
Warning:  Polygon 1 has two identical verts in facet 755981.
Warning:  Polygon 1 has two identical verts in facet 755983.
Warning:  Polygon 1 has two identical verts in facet 755984.
Warning:  Polygon 1 has two identical verts in facet 755988.
Warning:  Polygon 1 has two identical verts in facet 755996.
Warning:  Polygon 1 has two identical verts in facet 756008.
Warning:  Polygon 1 has two identical verts in facet 773441.
Warning:  Polygon 1 has two identical verts in facet 773441.
Warning:  Polygon 1 has two identical verts in facet 773441.
Warning:  Polygon 1 has two identical verts in facet 773447.
Warning:  Polygon 1 has two identical verts in facet 773447.
Warning:  Polygon 1 has two identical verts in facet 773447.
Warning:  Polygon 1 has two identical verts in facet 773645.
Warning:  Polygon 1 has two identical verts in facet 773670.
Warning:  Polygon 1 has two identical verts in facet 773682.
Warning:  Polygon 1 has two identical verts in facet 773682.
Warning:  Polygon 1 has two identical verts in facet 773682.
Warning:  Polygon 1 has two identical verts in facet 778130.
Warning:  Polygon 1 has two identical verts in facet 778796.
Warning:  Polygon 1 has two identical verts in facet 778797.
Warning:  Polygon 1 has two identical verts in facet 778960.
Warning:  Polygon 1 has two identical verts in facet 778960.
Warning:  Polygon 1 has two identical verts in facet 778960.
Warning:  Polygon 1 has two identical verts in facet 778998.
Warning:  Polygon 1 has two identical verts in facet 778999.
Warning:  Polygon 1 has two identical verts in facet 780887.
Warning:  Polygon 1 has two identical verts in facet 780887.
Warning:  Polygon 1 has two identical verts in facet 780887.
Warning:  Polygon 1 has two identical verts in facet 780888.
Warning:  Polygon 1 has two identical verts in facet 780904.
Warning:  Polygon 1 has two identical verts in facet 781034.
Warning:  Polygon 1 has two identical verts in facet 781048.
Warning:  Polygon 1 has two identical verts in facet 781115.
Warning:  Polygon 1 has two identical verts in facet 781222.
Warning:  Polygon 1 has two identical verts in facet 781241.
Warning:  Polygon 1 has two identical verts in facet 781247.
Warning:  Polygon 1 has two identical verts in facet 781285.
Warning:  Polygon 1 has two identical verts in facet 781287.
Warning:  Polygon 1 has two identical verts in facet 781945.
Warning:  Polygon 1 has two identical verts in facet 781957.
Warning:  Polygon 1 has two identical verts in facet 781958.
Warning:  Polygon 1 has two identical verts in facet 782024.
Warning:  Polygon 1 has two identical verts in facet 782028.
Warning:  Polygon 1 has two identical verts in facet 782037.
Warning:  Polygon 1 has two identical verts in facet 782037.
Warning:  Polygon 1 has two identical verts in facet 782037.
Warning:  Polygon 1 has two identical verts in facet 782040.
Warning:  Polygon 1 has two identical verts in facet 782045.
Warning:  Polygon 1 has two identical verts in facet 782049.
Warning:  Polygon 1 has two identical verts in facet 782050.
Warning:  Polygon 1 has two identical verts in facet 782050.
Warning:  Polygon 1 has two identical verts in facet 782050.
Warning:  Polygon 1 has two identical verts in facet 782051.
Warning:  Polygon 1 has two identical verts in facet 782071.
Warning:  Polygon 1 has two identical verts in facet 782094.
Warning:  Polygon 1 has two identical verts in facet 782094.
Warning:  Polygon 1 has two identical verts in facet 782094.
Warning:  Polygon 1 has two identical verts in facet 782098.
Warning:  Polygon 1 has two identical verts in facet 782126.
Warning:  Polygon 1 has two identical verts in facet 782128.
Warning:  Polygon 1 has two identical verts in facet 782168.
Warning:  Polygon 1 has two identical verts in facet 782169.
Warning:  Polygon 1 has two identical verts in facet 782169.
Warning:  Polygon 1 has two identical verts in facet 782169.
Warning:  Polygon 1 has two identical verts in facet 782197.
Warning:  Polygon 1 has two identical verts in facet 782198.
Warning:  Polygon 1 has two identical verts in facet 782200.
Warning:  Polygon 1 has two identical verts in facet 782203.
Warning:  Polygon 1 has two identical verts in facet 782205.
Warning:  Polygon 1 has two identical verts in facet 782551.
Warning:  Polygon 1 has two identical verts in facet 782569.
Warning:  Polygon 1 has two identical verts in facet 782615.
Warning:  Polygon 1 has two identical verts in facet 782681.
Warning:  Polygon 1 has two identical verts in facet 782682.
Warning:  Polygon 1 has two identical verts in facet 782689.
Warning:  Polygon 1 has two identical verts in facet 782690.
Warning:  Polygon 1 has two identical verts in facet 782695.
Warning:  Polygon 1 has two identical verts in facet 782695.
Warning:  Polygon 1 has two identical verts in facet 782695.
Warning:  Polygon 1 has two identical verts in facet 782696.
Warning:  Polygon 1 has two identical verts in facet 782697.
Warning:  Polygon 1 has two identical verts in facet 782698.
Warning:  Polygon 1 has two identical verts in facet 782698.
Warning:  Polygon 1 has two identical verts in facet 782698.
Warning:  Polygon 1 has two identical verts in facet 782699.
Warning:  Polygon 1 has two identical verts in facet 782700.
Warning:  Polygon 1 has two identical verts in facet 782878.
Warning:  Polygon 1 has two identical verts in facet 782888.
Warning:  Polygon 1 has two identical verts in facet 782894.
Warning:  Polygon 1 has two identical verts in facet 782910.
Warning:  Polygon 1 has two identical verts in facet 782926.
Warning:  Polygon 1 has two identical verts in facet 782958.
Warning:  Polygon 1 has two identical verts in facet 782958.
Warning:  Polygon 1 has two identical verts in facet 782958.
Warning:  Polygon 1 has two identical verts in facet 782966.
Warning:  Polygon 1 has two identical verts in facet 782992.
Warning:  Polygon 1 has two identical verts in facet 783010.
Warning:  Polygon 1 has two identical verts in facet 783036.
Warning:  Polygon 1 has two identical verts in facet 783043.
Warning:  Polygon 1 has two identical verts in facet 783044.
Warning:  Polygon 1 has two identical verts in facet 783045.
Warning:  Polygon 1 has two identical verts in facet 783047.
Warning:  Polygon 1 has two identical verts in facet 783048.
Warning:  Polygon 1 has two identical verts in facet 783049.
Warning:  Polygon 1 has two identical verts in facet 783049.
Warning:  Polygon 1 has two identical verts in facet 783049.
Warning:  Polygon 1 has two identical verts in facet 783061.
Warning:  Polygon 1 has two identical verts in facet 783069.
Warning:  Polygon 1 has two identical verts in facet 783071.
Warning:  Polygon 1 has two identical verts in facet 783076.
Warning:  Polygon 1 has two identical verts in facet 783156.
Warning:  Polygon 1 has two identical verts in facet 783157.
Warning:  Polygon 1 has two identical verts in facet 783273.
Warning:  Polygon 1 has two identical verts in facet 783273.
Warning:  Polygon 1 has two identical verts in facet 783273.
Warning:  Polygon 1 has two identical verts in facet 783398.
Warning:  Polygon 1 has two identical verts in facet 783431.
Warning:  Polygon 1 has two identical verts in facet 783489.
Warning:  Polygon 1 has two identical verts in facet 783616.
Warning:  Polygon 1 has two identical verts in facet 783623.
Warning:  Polygon 1 has two identical verts in facet 787203.
Warning:  Polygon 1 has two identical verts in facet 787205.
Warning:  Polygon 1 has two identical verts in facet 787205.
Warning:  Polygon 1 has two identical verts in facet 787205.
Warning:  Polygon 1 has two identical verts in facet 787207.
Warning:  Polygon 1 has two identical verts in facet 787208.
Warning:  Polygon 1 has two identical verts in facet 787223.
Warning:  Polygon 1 has two identical verts in facet 787225.
Warning:  Polygon 1 has two identical verts in facet 787230.
Warning:  Polygon 1 has two identical verts in facet 787234.
Warning:  Polygon 1 has two identical verts in facet 787236.
Warning:  Polygon 1 has two identical verts in facet 787296.
Warning:  Polygon 1 has two identical verts in facet 787336.
Warning:  Polygon 1 has two identical verts in facet 787337.
Warning:  Polygon 1 has two identical verts in facet 787355.
Warning:  Polygon 1 has two identical verts in facet 787358.
Warning:  Polygon 1 has two identical verts in facet 787358.
Warning:  Polygon 1 has two identical verts in facet 787358.
Warning:  Polygon 1 has two identical verts in facet 787360.
Warning:  Polygon 1 has two identical verts in facet 787362.
Warning:  Polygon 1 has two identical verts in facet 787363.
Warning:  Polygon 1 has two identical verts in facet 787363.
Warning:  Polygon 1 has two identical verts in facet 787363.
Warning:  Polygon 1 has two identical verts in facet 787364.
Warning:  Polygon 1 has two identical verts in facet 787376.
Warning:  Polygon 1 has two identical verts in facet 787381.
Warning:  Polygon 1 has two identical verts in facet 787381.
Warning:  Polygon 1 has two identical verts in facet 787381.
Warning:  Polygon 1 has two identical verts in facet 787384.
Warning:  Polygon 1 has two identical verts in facet 787385.
Warning:  Polygon 1 has two identical verts in facet 787387.
Warning:  Polygon 1 has two identical verts in facet 787390.
Warning:  Polygon 1 has two identical verts in facet 787390.
Warning:  Polygon 1 has two identical verts in facet 787390.
Warning:  Polygon 1 has two identical verts in facet 787432.
Warning:  Polygon 1 has two identical verts in facet 787453.
Warning:  Polygon 1 has two identical verts in facet 787454.
Warning:  Polygon 1 has two identical verts in facet 787454.
Warning:  Polygon 1 has two identical verts in facet 787454.
Warning:  Polygon 1 has two identical verts in facet 787455.
Warning:  Polygon 1 has two identical verts in facet 787456.
Warning:  Polygon 1 has two identical verts in facet 787806.
Warning:  Polygon 1 has two identical verts in facet 787816.
Warning:  Polygon 1 has two identical verts in facet 804341.
Warning:  Polygon 1 has two identical verts in facet 804342.
Warning:  Polygon 1 has two identical verts in facet 804347.
Warning:  Polygon 1 has two identical verts in facet 804359.
Warning:  Polygon 1 has two identical verts in facet 804371.
Warning:  Polygon 1 has two identical verts in facet 804552.
Warning:  Polygon 1 has two identical verts in facet 804556.
Warning:  Polygon 1 has two identical verts in facet 804558.
Warning:  Polygon 1 has two identical verts in facet 804587.
Warning:  Polygon 1 has two identical verts in facet 804588.
Warning:  Polygon 1 has two identical verts in facet 804604.
Warning:  Polygon 1 has two identical verts in facet 804610.
Warning:  Polygon 1 has two identical verts in facet 804613.
Warning:  Polygon 1 has two identical verts in facet 804614.
Warning:  Polygon 1 has two identical verts in facet 804617.
Warning:  Polygon 1 has two identical verts in facet 804617.
Warning:  Polygon 1 has two identical verts in facet 804617.
Warning:  Polygon 1 has two identical verts in facet 804618.
Warning:  Polygon 1 has two identical verts in facet 804644.
Warning:  Polygon 1 has two identical verts in facet 805198.
Warning:  Polygon 1 has two identical verts in facet 805198.
Warning:  Polygon 1 has two identical verts in facet 805198.
Warning:  Polygon 1 has two identical verts in facet 805201.
Warning:  Polygon 1 has two identical verts in facet 805211.
Warning:  Polygon 1 has two identical verts in facet 805212.
Warning:  Polygon 1 has two identical verts in facet 805213.
Warning:  Polygon 1 has two identical verts in facet 805214.
Warning:  Polygon 1 has two identical verts in facet 805215.
Warning:  Polygon 1 has two identical verts in facet 805230.
Warning:  Polygon 1 has two identical verts in facet 806752.
Warning:  Polygon 1 has two identical verts in facet 806755.
Warning:  Polygon 1 has two identical verts in facet 806773.
Warning:  Polygon 1 has two identical verts in facet 806775.
Warning:  Polygon 1 has two identical verts in facet 806778.
Warning:  Polygon 1 has two identical verts in facet 806780.
Warning:  Polygon 1 has two identical verts in facet 811084.
Warning:  Polygon 1 has two identical verts in facet 811087.
Warning:  Polygon 1 has two identical verts in facet 811106.
Warning:  Polygon 1 has two identical verts in facet 811111.
Warning:  Polygon 1 has two identical verts in facet 811141.
Warning:  Polygon 1 has two identical verts in facet 811148.
Warning:  Polygon 1 has two identical verts in facet 811148.
Warning:  Polygon 1 has two identical verts in facet 811148.
Warning:  Polygon 1 has two identical verts in facet 811149.
Warning:  Polygon 1 has two identical verts in facet 811395.
Warning:  Polygon 1 has two identical verts in facet 811412.
Warning:  Polygon 1 has two identical verts in facet 811414.
Warning:  Polygon 1 has two identical verts in facet 845371.
Warning:  Polygon 1 has two identical verts in facet 845481.
Warning:  Polygon 1 has two identical verts in facet 845481.
Warning:  Polygon 1 has two identical verts in facet 845481.
Warning:  Polygon 1 has two identical verts in facet 845543.
Warning:  Polygon 1 has two identical verts in facet 847399.
Warning:  Polygon 1 has two identical verts in facet 847400.
Warning:  Polygon 1 has two identical verts in facet 847401.
Warning:  Polygon 1 has two identical verts in facet 847401.
Warning:  Polygon 1 has two identical verts in facet 847401.
Warning:  Polygon 1 has two identical verts in facet 848876.
Warning:  Polygon 1 has two identical verts in facet 849191.
Warning:  Polygon 1 has two identical verts in facet 849345.
Warning:  Polygon 1 has two identical verts in facet 849368.
Warning:  Polygon 1 has two identical verts in facet 849373.
Warning:  Polygon 1 has two identical verts in facet 849378.
Warning:  Polygon 1 has two identical verts in facet 849378.
Warning:  Polygon 1 has two identical verts in facet 849378.
Warning:  Polygon 1 has two identical verts in facet 849381.
Warning:  Polygon 1 has two identical verts in facet 849388.
Warning:  Polygon 1 has two identical verts in facet 849530.
Warning:  Polygon 1 has two identical verts in facet 849594.
Warning:  Polygon 1 has two identical verts in facet 849625.
Warning:  Polygon 1 has two identical verts in facet 849685.
Warning:  Polygon 1 has two identical verts in facet 849686.
Warning:  Polygon 1 has two identical verts in facet 849687.
Warning:  Polygon 1 has two identical verts in facet 849730.
Warning:  Polygon 1 has two identical verts in facet 849730.
Warning:  Polygon 1 has two identical verts in facet 849730.
Warning:  Polygon 1 has two identical verts in facet 849796.
Warning:  Polygon 1 has two identical verts in facet 849804.
Warning:  Polygon 1 has two identical verts in facet 849834.
Warning:  Polygon 1 has two identical verts in facet 849852.
Warning:  Polygon 1 has two identical verts in facet 849867.
Warning:  Polygon 1 has two identical verts in facet 849872.
Warning:  Polygon 1 has two identical verts in facet 849881.
Warning:  Polygon 1 has two identical verts in facet 849882.
Warning:  Polygon 1 has two identical verts in facet 849883.
Warning:  Polygon 1 has two identical verts in facet 849886.
Warning:  Polygon 1 has two identical verts in facet 849887.
Warning:  Polygon 1 has two identical verts in facet 849889.
Warning:  Polygon 1 has two identical verts in facet 849912.
Warning:  Polygon 1 has two identical verts in facet 849943.
Warning:  Polygon 1 has two identical verts in facet 849944.
Warning:  Polygon 1 has two identical verts in facet 849946.
Warning:  Polygon 1 has two identical verts in facet 849960.
Warning:  Polygon 1 has two identical verts in facet 849963.
Warning:  Polygon 1 has two identical verts in facet 849963.
Warning:  Polygon 1 has two identical verts in facet 849963.
Warning:  Polygon 1 has two identical verts in facet 862430.
Warning:  Polygon 1 has two identical verts in facet 862494.
Warning:  Polygon 1 has two identical verts in facet 862494.
Warning:  Polygon 1 has two identical verts in facet 862494.
Warning:  Polygon 1 has two identical verts in facet 862934.
Warning:  Polygon 1 has two identical verts in facet 862953.
Warning:  Polygon 1 has two identical verts in facet 863199.
Warning:  Polygon 1 has two identical verts in facet 863199.
Warning:  Polygon 1 has two identical verts in facet 863199.
Warning:  Polygon 1 has two identical verts in facet 863360.
Warning:  Polygon 1 has two identical verts in facet 863367.
Warning:  Polygon 1 has two identical verts in facet 863880.
Warning:  Polygon 1 has two identical verts in facet 865528.
Warning:  Polygon 1 has two identical verts in facet 865528.
Warning:  Polygon 1 has two identical verts in facet 865528.
Warning:  Polygon 1 has two identical verts in facet 865529.
Warning:  Polygon 1 has two identical verts in facet 866218.
Warning:  Polygon 1 has two identical verts in facet 866304.
Warning:  Polygon 1 has two identical verts in facet 866607.
Warning:  Polygon 1 has two identical verts in facet 867113.
Warning:  Polygon 1 has two identical verts in facet 868815.
Warning:  Polygon 1 has two identical verts in facet 868823.
Warning:  Polygon 1 has two identical verts in facet 868823.
Warning:  Polygon 1 has two identical verts in facet 868823.
Warning:  Polygon 1 has two identical verts in facet 868829.
Warning:  Polygon 1 has two identical verts in facet 868833.
Warning:  Polygon 1 has two identical verts in facet 868837.
Warning:  Polygon 1 has two identical verts in facet 868841.
Warning:  Polygon 1 has two identical verts in facet 868923.
Warning:  Polygon 1 has two identical verts in facet 868924.
Warning:  Polygon 1 has two identical verts in facet 868927.
Warning:  Polygon 1 has two identical verts in facet 868927.
Warning:  Polygon 1 has two identical verts in facet 868927.
Warning:  Polygon 1 has two identical verts in facet 868928.
Warning:  Polygon 1 has two identical verts in facet 868929.
Warning:  Polygon 1 has two identical verts in facet 868933.
Warning:  Polygon 1 has two identical verts in facet 868934.
Warning:  Polygon 1 has two identical verts in facet 868944.
Warning:  Polygon 1 has two identical verts in facet 899436.
Warning:  Polygon 1 has two identical verts in facet 899436.
Warning:  Polygon 1 has two identical verts in facet 899436.
Warning:  Polygon 1 has two identical verts in facet 899438.
Warning:  Polygon 1 has two identical verts in facet 899563.
Warning:  Polygon 1 has two identical verts in facet 899569.
Warning:  Polygon 1 has two identical verts in facet 899582.
Warning:  Polygon 1 has two identical verts in facet 899584.
Warning:  Polygon 1 has two identical verts in facet 899867.
Warning:  Polygon 1 has two identical verts in facet 899869.
Warning:  Polygon 1 has two identical verts in facet 899980.
Warning:  Polygon 1 has two identical verts in facet 900094.
Warning:  Polygon 1 has two identical verts in facet 900121.
Warning:  Polygon 1 has two identical verts in facet 900139.
Warning:  Polygon 1 has two identical verts in facet 900180.
Warning:  Polygon 1 has two identical verts in facet 900183.
Warning:  Polygon 1 has two identical verts in facet 907612.
Warning:  Polygon 1 has two identical verts in facet 913728.
Warning:  Polygon 1 has two identical verts in facet 914956.
Warning:  Polygon 1 has two identical verts in facet 919013.
Warning:  Polygon 1 has two identical verts in facet 919369.
Warning:  Polygon 1 has two identical verts in facet 919369.
Warning:  Polygon 1 has two identical verts in facet 919369.
Warning:  Polygon 1 has two identical verts in facet 920387.
Warning:  Polygon 1 has two identical verts in facet 920562.
Warning:  Polygon 1 has two identical verts in facet 920980.
Warning:  Polygon 1 has two identical verts in facet 921132.
Warning:  Polygon 1 has two identical verts in facet 921166.
Warning:  Polygon 1 has two identical verts in facet 921171.
Warning:  Polygon 1 has two identical verts in facet 921176.
Warning:  Polygon 1 has two identical verts in facet 921212.
Warning:  Polygon 1 has two identical verts in facet 921223.
Warning:  Polygon 1 has two identical verts in facet 921237.
Warning:  Polygon 1 has two identical verts in facet 921237.
Warning:  Polygon 1 has two identical verts in facet 921237.
Warning:  Polygon 1 has two identical verts in facet 921254.
Warning:  Polygon 1 has two identical verts in facet 921260.
Warning:  Polygon 1 has two identical verts in facet 921263.
Warning:  Polygon 1 has two identical verts in facet 921269.
Warning:  Polygon 1 has two identical verts in facet 921272.
Warning:  Polygon 1 has two identical verts in facet 921273.
Warning:  Polygon 1 has two identical verts in facet 921274.
Warning:  Polygon 1 has two identical verts in facet 921718.
Warning:  Polygon 1 has two identical verts in facet 921721.
Warning:  Polygon 1 has two identical verts in facet 921724.
Warning:  Polygon 1 has two identical verts in facet 921728.
Warning:  Polygon 1 has two identical verts in facet 921732.
Warning:  Polygon 1 has two identical verts in facet 921733.
Warning:  Polygon 1 has two identical verts in facet 921737.
Warning:  Polygon 1 has two identical verts in facet 921739.
Warning:  Polygon 1 has two identical verts in facet 921742.
Warning:  Polygon 1 has two identical verts in facet 921745.
Warning:  Polygon 1 has two identical verts in facet 921749.
Warning:  Polygon 1 has two identical verts in facet 921751.
Warning:  Polygon 1 has two identical verts in facet 921756.
Warning:  Polygon 1 has two identical verts in facet 921760.
Warning:  Polygon 1 has two identical verts in facet 921763.
Warning:  Polygon 1 has two identical verts in facet 921767.
Warning:  Polygon 1 has two identical verts in facet 921768.
Warning:  Polygon 1 has two identical verts in facet 921774.
Warning:  Polygon 1 has two identical verts in facet 921775.
Warning:  Polygon 1 has two identical verts in facet 921777.
Warning:  Polygon 1 has two identical verts in facet 921781.
Warning:  Polygon 1 has two identical verts in facet 921785.
Warning:  Polygon 1 has two identical verts in facet 921789.
Warning:  Polygon 1 has two identical verts in facet 921792.
Warning:  Polygon 1 has two identical verts in facet 921795.
Warning:  Polygon 1 has two identical verts in facet 921798.
Warning:  Polygon 1 has two identical verts in facet 921800.
Warning:  Polygon 1 has two identical verts in facet 921808.
Warning:  Polygon 1 has two identical verts in facet 921810.
Warning:  Polygon 1 has two identical verts in facet 921813.
Warning:  Polygon 1 has two identical verts in facet 921816.
Warning:  Polygon 1 has two identical verts in facet 921817.
Warning:  Polygon 1 has two identical verts in facet 921821.
Warning:  Polygon 1 has two identical verts in facet 921824.
Warning:  Polygon 1 has two identical verts in facet 921828.
Warning:  Polygon 1 has two identical verts in facet 921833.
Warning:  Polygon 1 has two identical verts in facet 921835.
Warning:  Polygon 1 has two identical verts in facet 921837.
Warning:  Polygon 1 has two identical verts in facet 921840.
Warning:  Polygon 1 has two identical verts in facet 921843.
Warning:  Polygon 1 has two identical verts in facet 921846.
Warning:  Polygon 1 has two identical verts in facet 921849.
Warning:  Polygon 1 has two identical verts in facet 921851.
Warning:  Polygon 1 has two identical verts in facet 921854.
Warning:  Polygon 1 has two identical verts in facet 921856.
Warning:  Polygon 1 has two identical verts in facet 921859.
Warning:  Polygon 1 has two identical verts in facet 921864.
Warning:  Polygon 1 has two identical verts in facet 921869.
Warning:  Polygon 1 has two identical verts in facet 921875.
Warning:  Polygon 1 has two identical verts in facet 921879.
Warning:  Polygon 1 has two identical verts in facet 921880.
Warning:  Polygon 1 has two identical verts in facet 921884.
Warning:  Polygon 1 has two identical verts in facet 921887.
Warning:  Polygon 1 has two identical verts in facet 921890.
Warning:  Polygon 1 has two identical verts in facet 921891.
Warning:  Polygon 1 has two identical verts in facet 921896.
Warning:  Polygon 1 has two identical verts in facet 921899.
Warning:  Polygon 1 has two identical verts in facet 921907.
Warning:  Polygon 1 has two identical verts in facet 921913.
Warning:  Polygon 1 has two identical verts in facet 921917.
Warning:  Polygon 1 has two identical verts in facet 921921.
Warning:  Polygon 1 has two identical verts in facet 921924.
Warning:  Polygon 1 has two identical verts in facet 921931.
Warning:  Polygon 1 has two identical verts in facet 921936.
Warning:  Polygon 1 has two identical verts in facet 921939.
Warning:  Polygon 1 has two identical verts in facet 921942.
Warning:  Polygon 1 has two identical verts in facet 921947.
Warning:  Polygon 1 has two identical verts in facet 921950.
Warning:  Polygon 1 has two identical verts in facet 921954.
Warning:  Polygon 1 has two identical verts in facet 921961.
Warning:  Polygon 1 has two identical verts in facet 921964.
Warning:  Polygon 1 has two identical verts in facet 921968.
Warning:  Polygon 1 has two identical verts in facet 921970.
Warning:  Polygon 1 has two identical verts in facet 921972.
Warning:  Polygon 1 has two identical verts in facet 921975.
Warning:  Polygon 1 has two identical verts in facet 921978.
Warning:  Polygon 1 has two identical verts in facet 921984.
Warning:  Polygon 1 has two identical verts in facet 921989.
Warning:  Polygon 1 has two identical verts in facet 921993.
Warning:  Polygon 1 has two identical verts in facet 921994.
Warning:  Polygon 1 has two identical verts in facet 921997.
Warning:  Polygon 1 has two identical verts in facet 921999.
Warning:  Polygon 1 has two identical verts in facet 922001.
Warning:  Polygon 1 has two identical verts in facet 922003.
Warning:  Polygon 1 has two identical verts in facet 922006.
Warning:  Polygon 1 has two identical verts in facet 922008.
Warning:  Polygon 1 has two identical verts in facet 922012.
Warning:  Polygon 1 has two identical verts in facet 922014.
Warning:  Polygon 1 has two identical verts in facet 922023.
Warning:  Polygon 1 has two identical verts in facet 922027.
Warning:  Polygon 1 has two identical verts in facet 922031.
Warning:  Polygon 1 has two identical verts in facet 922032.
Warning:  Polygon 1 has two identical verts in facet 922044.
Warning:  Polygon 1 has two identical verts in facet 922067.
Warning:  Polygon 1 has two identical verts in facet 922068.
Warning:  Polygon 1 has two identical verts in facet 922077.
Warning:  Polygon 1 has two identical verts in facet 922078.
Warning:  Polygon 1 has two identical verts in facet 922096.
Warning:  Polygon 1 has two identical verts in facet 922105.
Warning:  Polygon 1 has two identical verts in facet 922112.
Warning:  Polygon 1 has two identical verts in facet 922113.
Warning:  Polygon 1 has two identical verts in facet 922118.
Warning:  Polygon 1 has two identical verts in facet 922134.
Warning:  Polygon 1 has two identical verts in facet 922144.
Warning:  Polygon 1 has two identical verts in facet 922148.
Warning:  Polygon 1 has two identical verts in facet 922159.
Warning:  Polygon 1 has two identical verts in facet 922164.
Warning:  Polygon 1 has two identical verts in facet 922167.
Warning:  Polygon 1 has two identical verts in facet 922185.
Warning:  Polygon 1 has two identical verts in facet 922187.
Warning:  Polygon 1 has two identical verts in facet 922191.
Warning:  Polygon 1 has two identical verts in facet 922194.
Warning:  Polygon 1 has two identical verts in facet 922198.
Warning:  Polygon 1 has two identical verts in facet 922205.
Warning:  Polygon 1 has two identical verts in facet 922219.
Warning:  Polygon 1 has two identical verts in facet 922225.
Warning:  Polygon 1 has two identical verts in facet 922229.
Warning:  Polygon 1 has two identical verts in facet 922234.
Warning:  Polygon 1 has two identical verts in facet 922242.
Warning:  Polygon 1 has two identical verts in facet 922243.
Warning:  Polygon 1 has two identical verts in facet 922245.
Warning:  Polygon 1 has two identical verts in facet 922248.
Warning:  Polygon 1 has two identical verts in facet 922251.
Warning:  Polygon 1 has two identical verts in facet 922252.
Warning:  Polygon 1 has two identical verts in facet 922256.
Warning:  Polygon 1 has two identical verts in facet 922257.
Warning:  Polygon 1 has two identical verts in facet 922263.
Warning:  Polygon 1 has two identical verts in facet 922271.
Warning:  Polygon 1 has two identical verts in facet 922275.
Warning:  Polygon 1 has two identical verts in facet 922277.
Warning:  Polygon 1 has two identical verts in facet 922284.
Warning:  Polygon 1 has two identical verts in facet 922292.
Warning:  Polygon 1 has two identical verts in facet 922295.
Warning:  Polygon 1 has two identical verts in facet 922302.
Warning:  Polygon 1 has two identical verts in facet 922305.
Warning:  Polygon 1 has two identical verts in facet 922309.
Warning:  Polygon 1 has two identical verts in facet 922311.
Warning:  Polygon 1 has two identical verts in facet 922314.
Warning:  Polygon 1 has two identical verts in facet 922317.
Warning:  Polygon 1 has two identical verts in facet 922321.
Warning:  Polygon 1 has two identical verts in facet 922324.
Warning:  Polygon 1 has two identical verts in facet 922327.
Warning:  Polygon 1 has two identical verts in facet 922330.
Warning:  Polygon 1 has two identical verts in facet 922332.
Warning:  Polygon 1 has two identical verts in facet 922344.
Warning:  Polygon 1 has two identical verts in facet 922346.
Warning:  Polygon 1 has two identical verts in facet 922350.
Warning:  Polygon 1 has two identical verts in facet 922357.
Warning:  Polygon 1 has two identical verts in facet 922360.
Warning:  Polygon 1 has two identical verts in facet 922364.
Warning:  Polygon 1 has two identical verts in facet 922367.
Warning:  Polygon 1 has two identical verts in facet 922370.
Warning:  Polygon 1 has two identical verts in facet 922378.
Warning:  Polygon 1 has two identical verts in facet 922383.
Warning:  Polygon 1 has two identical verts in facet 922387.
Warning:  Polygon 1 has two identical verts in facet 922389.
Warning:  Polygon 1 has two identical verts in facet 922393.
Warning:  Polygon 1 has two identical verts in facet 922402.
Warning:  Polygon 1 has two identical verts in facet 922404.
Warning:  Polygon 1 has two identical verts in facet 922409.
Warning:  Polygon 1 has two identical verts in facet 922413.
Warning:  Polygon 1 has two identical verts in facet 922416.
Warning:  Polygon 1 has two identical verts in facet 922419.
Warning:  Polygon 1 has two identical verts in facet 922422.
Warning:  Polygon 1 has two identical verts in facet 922423.
Warning:  Polygon 1 has two identical verts in facet 922425.
Warning:  Polygon 1 has two identical verts in facet 922430.
Warning:  Polygon 1 has two identical verts in facet 922432.
Warning:  Polygon 1 has two identical verts in facet 922436.
Warning:  Polygon 1 has two identical verts in facet 922438.
Warning:  Polygon 1 has two identical verts in facet 922440.
Warning:  Polygon 1 has two identical verts in facet 922443.
Warning:  Polygon 1 has two identical verts in facet 922453.
Warning:  Polygon 1 has two identical verts in facet 922458.
Warning:  Polygon 1 has two identical verts in facet 922461.
Warning:  Polygon 1 has two identical verts in facet 922473.
Warning:  Polygon 1 has two identical verts in facet 922477.
Warning:  Polygon 1 has two identical verts in facet 922479.
Warning:  Polygon 1 has two identical verts in facet 922482.
Warning:  Polygon 1 has two identical verts in facet 922489.
Warning:  Polygon 1 has two identical verts in facet 922508.
Warning:  Polygon 1 has two identical verts in facet 922512.
Warning:  Polygon 1 has two identical verts in facet 922516.
Warning:  Polygon 1 has two identical verts in facet 922521.
Warning:  Polygon 1 has two identical verts in facet 922525.
Warning:  Polygon 1 has two identical verts in facet 922533.
Warning:  Polygon 1 has two identical verts in facet 922536.
Warning:  Polygon 1 has two identical verts in facet 922544.
Warning:  Polygon 1 has two identical verts in facet 922549.
Warning:  Polygon 1 has two identical verts in facet 922552.
Warning:  Polygon 1 has two identical verts in facet 922556.
Warning:  Polygon 1 has two identical verts in facet 922562.
Warning:  Polygon 1 has two identical verts in facet 922566.
Warning:  Polygon 1 has two identical verts in facet 922569.
Warning:  Polygon 1 has two identical verts in facet 922579.
Warning:  Polygon 1 has two identical verts in facet 922584.
Warning:  Polygon 1 has two identical verts in facet 922587.
Warning:  Polygon 1 has two identical verts in facet 922597.
Warning:  Polygon 1 has two identical verts in facet 922604.
Warning:  Polygon 1 has two identical verts in facet 922608.
Warning:  Polygon 1 has two identical verts in facet 922613.
Warning:  Polygon 1 has two identical verts in facet 922616.
Warning:  Polygon 1 has two identical verts in facet 922620.
Warning:  Polygon 1 has two identical verts in facet 922621.
Warning:  Polygon 1 has two identical verts in facet 922624.
Warning:  Polygon 1 has two identical verts in facet 922627.
Warning:  Polygon 1 has two identical verts in facet 922628.
Warning:  Polygon 1 has two identical verts in facet 922633.
Warning:  Polygon 1 has two identical verts in facet 922636.
Warning:  Polygon 1 has two identical verts in facet 922637.
Warning:  Polygon 1 has two identical verts in facet 922640.
Warning:  Polygon 1 has two identical verts in facet 922643.
Warning:  Polygon 1 has two identical verts in facet 922650.
Warning:  Polygon 1 has two identical verts in facet 922653.
Warning:  Polygon 1 has two identical verts in facet 922654.
Warning:  Polygon 1 has two identical verts in facet 922658.
Warning:  Polygon 1 has two identical verts in facet 922661.
Warning:  Polygon 1 has two identical verts in facet 922664.
Warning:  Polygon 1 has two identical verts in facet 922666.
Warning:  Polygon 1 has two identical verts in facet 922670.
Warning:  Polygon 1 has two identical verts in facet 922674.
Warning:  Polygon 1 has two identical verts in facet 922678.
Warning:  Polygon 1 has two identical verts in facet 922680.
Warning:  Polygon 1 has two identical verts in facet 922684.
Warning:  Polygon 1 has two identical verts in facet 922687.
Warning:  Polygon 1 has two identical verts in facet 922692.
Warning:  Polygon 1 has two identical verts in facet 922697.
Warning:  Polygon 1 has two identical verts in facet 922705.
Warning:  Polygon 1 has two identical verts in facet 922708.
Warning:  Polygon 1 has two identical verts in facet 922712.
Warning:  Polygon 1 has two identical verts in facet 922716.
Warning:  Polygon 1 has two identical verts in facet 922728.
Warning:  Polygon 1 has two identical verts in facet 922730.
Warning:  Polygon 1 has two identical verts in facet 922752.
Warning:  Polygon 1 has two identical verts in facet 922760.
Warning:  Polygon 1 has two identical verts in facet 922764.
Warning:  Polygon 1 has two identical verts in facet 922768.
Warning:  Polygon 1 has two identical verts in facet 922777.
Warning:  Polygon 1 has two identical verts in facet 922783.
Warning:  Polygon 1 has two identical verts in facet 922792.
Warning:  Polygon 1 has two identical verts in facet 922795.
Warning:  Polygon 1 has two identical verts in facet 922796.
Warning:  Polygon 1 has two identical verts in facet 922853.
Warning:  Polygon 1 has two identical verts in facet 922854.
Warning:  Polygon 1 has two identical verts in facet 922855.
Warning:  Polygon 1 has two identical verts in facet 922866.
Warning:  Polygon 1 has two identical verts in facet 922882.
Warning:  Polygon 1 has two identical verts in facet 922892.
Warning:  Polygon 1 has two identical verts in facet 922895.
Warning:  Polygon 1 has two identical verts in facet 922903.
Warning:  Polygon 1 has two identical verts in facet 922909.
Warning:  Polygon 1 has two identical verts in facet 922913.
Warning:  Polygon 1 has two identical verts in facet 922923.
Warning:  Polygon 1 has two identical verts in facet 922926.
Warning:  Polygon 1 has two identical verts in facet 922928.
Warning:  Polygon 1 has two identical verts in facet 922931.
Warning:  Polygon 1 has two identical verts in facet 922939.
Warning:  Polygon 1 has two identical verts in facet 922942.
Warning:  Polygon 1 has two identical verts in facet 922948.
Warning:  Polygon 1 has two identical verts in facet 922954.
Warning:  Polygon 1 has two identical verts in facet 922957.
Warning:  Polygon 1 has two identical verts in facet 922969.
Warning:  Polygon 1 has two identical verts in facet 922988.
Warning:  Polygon 1 has two identical verts in facet 922990.
Warning:  Polygon 1 has two identical verts in facet 922994.
Warning:  Polygon 1 has two identical verts in facet 922998.
Warning:  Polygon 1 has two identical verts in facet 923001.
Warning:  Polygon 1 has two identical verts in facet 923009.
Warning:  Polygon 1 has two identical verts in facet 923011.
Warning:  Polygon 1 has two identical verts in facet 923020.
Warning:  Polygon 1 has two identical verts in facet 923021.
Warning:  Polygon 1 has two identical verts in facet 923023.
Warning:  Polygon 1 has two identical verts in facet 923026.
Warning:  Polygon 1 has two identical verts in facet 923081.
Warning:  Polygon 1 has two identical verts in facet 923138.
Warning:  Polygon 1 has two identical verts in facet 923182.
Warning:  Polygon 1 has two identical verts in facet 923183.
Warning:  Polygon 1 has two identical verts in facet 923193.
Warning:  Polygon 1 has two identical verts in facet 923199.
Warning:  Polygon 1 has two identical verts in facet 923203.
Warning:  Polygon 1 has two identical verts in facet 923207.
Warning:  Polygon 1 has two identical verts in facet 923211.
Warning:  Polygon 1 has two identical verts in facet 923219.
Warning:  Polygon 1 has two identical verts in facet 923222.
Warning:  Polygon 1 has two identical verts in facet 923225.
Warning:  Polygon 1 has two identical verts in facet 923229.
Warning:  Polygon 1 has two identical verts in facet 923231.
Warning:  Polygon 1 has two identical verts in facet 923233.
Warning:  Polygon 1 has two identical verts in facet 923247.
Warning:  Polygon 1 has two identical verts in facet 923252.
Warning:  Polygon 1 has two identical verts in facet 923263.
Warning:  Polygon 1 has two identical verts in facet 923272.
Warning:  Polygon 1 has two identical verts in facet 923275.
Warning:  Polygon 1 has two identical verts in facet 923278.
Warning:  Polygon 1 has two identical verts in facet 923281.
Warning:  Polygon 1 has two identical verts in facet 923285.
Warning:  Polygon 1 has two identical verts in facet 923290.
Warning:  Polygon 1 has two identical verts in facet 923294.
Warning:  Polygon 1 has two identical verts in facet 923298.
Warning:  Polygon 1 has two identical verts in facet 923303.
Warning:  Polygon 1 has two identical verts in facet 923307.
Warning:  Polygon 1 has two identical verts in facet 923311.
Warning:  Polygon 1 has two identical verts in facet 923313.
Warning:  Polygon 1 has two identical verts in facet 923318.
Warning:  Polygon 1 has two identical verts in facet 923322.
Warning:  Polygon 1 has two identical verts in facet 923337.
Warning:  Polygon 1 has two identical verts in facet 923344.
Warning:  Polygon 1 has two identical verts in facet 923349.
Warning:  Polygon 1 has two identical verts in facet 923353.
Warning:  Polygon 1 has two identical verts in facet 923359.
Warning:  Polygon 1 has two identical verts in facet 923362.
Warning:  Polygon 1 has two identical verts in facet 923365.
Warning:  Polygon 1 has two identical verts in facet 923373.
Warning:  Polygon 1 has two identical verts in facet 923374.
Warning:  Polygon 1 has two identical verts in facet 923378.
Warning:  Polygon 1 has two identical verts in facet 923381.
Warning:  Polygon 1 has two identical verts in facet 923385.
Warning:  Polygon 1 has two identical verts in facet 923393.
Warning:  Polygon 1 has two identical verts in facet 923395.
Warning:  Polygon 1 has two identical verts in facet 923399.
Warning:  Polygon 1 has two identical verts in facet 923409.
Warning:  Polygon 1 has two identical verts in facet 923413.
Warning:  Polygon 1 has two identical verts in facet 923416.
Warning:  Polygon 1 has two identical verts in facet 923420.
Warning:  Polygon 1 has two identical verts in facet 923424.
Warning:  Polygon 1 has two identical verts in facet 923428.
Warning:  Polygon 1 has two identical verts in facet 923432.
Warning:  Polygon 1 has two identical verts in facet 923442.
Warning:  Polygon 1 has two identical verts in facet 923446.
Warning:  Polygon 1 has two identical verts in facet 923449.
Warning:  Polygon 1 has two identical verts in facet 923456.
Warning:  Polygon 1 has two identical verts in facet 923459.
Warning:  Polygon 1 has two identical verts in facet 923460.
Warning:  Polygon 1 has two identical verts in facet 923464.
Warning:  Polygon 1 has two identical verts in facet 923470.
Warning:  Polygon 1 has two identical verts in facet 923475.
Warning:  Polygon 1 has two identical verts in facet 923480.
Warning:  Polygon 1 has two identical verts in facet 923482.
Warning:  Polygon 1 has two identical verts in facet 923485.
Warning:  Polygon 1 has two identical verts in facet 923490.
Warning:  Polygon 1 has two identical verts in facet 923492.
Warning:  Polygon 1 has two identical verts in facet 923493.
Warning:  Polygon 1 has two identical verts in facet 923496.
Warning:  Polygon 1 has two identical verts in facet 923498.
Warning:  Polygon 1 has two identical verts in facet 923500.
Warning:  Polygon 1 has two identical verts in facet 923504.
Warning:  Polygon 1 has two identical verts in facet 923505.
Warning:  Polygon 1 has two identical verts in facet 923508.
Warning:  Polygon 1 has two identical verts in facet 923512.
Warning:  Polygon 1 has two identical verts in facet 923523.
Warning:  Polygon 1 has two identical verts in facet 923527.
Warning:  Polygon 1 has two identical verts in facet 923535.
Warning:  Polygon 1 has two identical verts in facet 923555.
Warning:  Polygon 1 has two identical verts in facet 923556.
Warning:  Polygon 1 has two identical verts in facet 923560.
Warning:  Polygon 1 has two identical verts in facet 923561.
Warning:  Polygon 1 has two identical verts in facet 923574.
Warning:  Polygon 1 has two identical verts in facet 923581.
Warning:  Polygon 1 has two identical verts in facet 923604.
Warning:  Polygon 1 has two identical verts in facet 923608.
Warning:  Polygon 1 has two identical verts in facet 923612.
Warning:  Polygon 1 has two identical verts in facet 923615.
Warning:  Polygon 1 has two identical verts in facet 923634.
Warning:  Polygon 1 has two identical verts in facet 923652.
Warning:  Polygon 1 has two identical verts in facet 923672.
Warning:  Polygon 1 has two identical verts in facet 923684.
Warning:  Polygon 1 has two identical verts in facet 923687.
Warning:  Polygon 1 has two identical verts in facet 923704.
Warning:  Polygon 1 has two identical verts in facet 923708.
Warning:  Polygon 1 has two identical verts in facet 923709.
Warning:  Polygon 1 has two identical verts in facet 923719.
Warning:  Polygon 1 has two identical verts in facet 923722.
Warning:  Polygon 1 has two identical verts in facet 923723.
Warning:  Polygon 1 has two identical verts in facet 923727.
Warning:  Polygon 1 has two identical verts in facet 923731.
Found two nearly self-intersecting facets.
  1st: [180575, 180576, 445165] #2
  2nd: [180575, 180576, 157682] #9999
The dihedral angle between them is 3.44802e-05 degree.
Hint:  You may use -p/# to decrease the dihedral angle  tolerance 0.1 (degree).
ERROR: TetGen quit with error code 3 while filling the wall. The shell it was given is the inner surface, the outer wall envelope, and the annulus closing the two at each vessel end; TetGen prints the coordinates of the intersection above, so look them up to see which it is in. The envelope was checked against itself for crossings, holes and edges on the wrong number of triangles before this, so an intersection on it is one that check missed - look at the envelope log and at wall_outer_trimmed.vtp and wall_outer_dropped.vtp there. An intersection between the envelope and the inner surface is a piece kept inside another vessel, which its winding number should have dropped - the envelope log's winding counts say what the rays saw. Otherwise the inner surface is self-intersecting and the wall has inherited it - see the interface triangle quality report
Problem with vessel wall meshing
